artist_name,artist_id,stream_total,stream_as lead,stream_solo,stream_as feature(*),Daily_total,Daily_as lead,Daily_solo,Daily_as feature(*),Tracks_total,Tracks_as lead,Tracks_solo,Tracks_as feature(*)
Drake,3TVXtAsR1Inumwj472S9r4,1.12592E+11,76886517261,42430139565,35705549518,50091662,33062249,20057520,17029413,513,314,197,199
Taylor Swift,06HL4z0CvFAxyc27GXpf02,1.02223E+11,98993346012,90320824607,3229594829,49907494,48386461,44187012,1521033,593,579,519,14
Bad Bunny,4q3ewBCX7sLwd24euuV69X,97253221301,61472589366,34896852568,35780631935,63464912,47160492,31916871,16304420,269,144,87,125
The Weeknd,1Xyo4u8uXC1ZmMpatF05PJ,79246015185,63772467221,42714560989,15473547964,44626887,36069743,20342623,8557144,319,241,169,78
Justin Bieber,1uNFoZAHBGtllmzznpCI3s,59964949358,36504644580,22040079971,23460304778,22204379,15464039,9164734,6740340,289,206,111,83
Ed Sheeran,6eUKZXaKkcviH0Ku9w2n3V,56728982248,50460005922,40277820031,6268976326,16011516,14352676,12362467,1658840,383,334,212,49
Eminem,7dGJo4pcD2V6oG8kP0tJRR,56033963664,47235806801,28691771673,8798156863,21259251,17631930,10599446,3627321,417,324,215,93
Ariana Grande,66CXWjxzNUsdJxJ2JdwvnR,55624121135,46179388223,33417807061,9444732912,33981387,30066183,24744884,3915204,303,242,170,61
Travis Scott,0Y5tJX1MQlPlqiwlOH1tJY,55481847014,29593998163,21594603534,25887848851,27777321,14557411,9609475,13219910,292,95,56,197
Kanye West,5K4W6rqBFWDnAN6FQUkS6x,54273917324,38514571873,24678889041,15759345451,23167345,16156138,9697392,7011207,441,217,134,224
Rihanna,5pKCCKE2ajJHZ9KAiaK11H,49280121812,35327016212,23498538751,13953105600,23314359,18361714,12863601,4952645,374,320,133,54
Post Malone,246dkjvS1zLTtiykXe5h60,48914119905,43506550153,23108971969,5407569752,15589144,13451179,5666613,2137965,186,137,96,49
Kendrick Lamar,2YZyLoL8N0Wb9xBt1NhZWg,47013761218,33522337582,19516373299,13491423636,37872249,30174538,13837989,7697711,267,129,79,138
J Balvin,1vyhD5VmyZ7KMfW5gqLgo5,46975310313,21289901936,6679540210,25685408377,17131582,8896195,3171019,8235387,361,169,81,192
Billie Eilish,6qqNVTkY8uBg9cP3Jd7DAH,46683469393,46122052661,41194917174,561416732,32807125,31493823,29953228,1313302,78,77,62,1
Future,1RyvyyTE3xzB2ZywiAwp0i,45061650562,23209389763,10368159466,21852260799,23900234,12763870,5604239,11136364,883,495,283,388
BTS,3Nrfpe0tUJi4K4DXYWgMUX,43511998695,38757409671,35277222745,4754589024,12445963,11070812,10309203,1375151,274,252,235,22
Bruno Mars,0du5cEVh5yTK9QJze8zA0C,42762125169,31274335388,25321350061,11487789781,31371766,16419972,14171570,14951794,106,79,46,27
Juice WRLD,4MCBfE4596Uoi2O4DtmEMz,40918074290,30071839146,23427876504,10846235144,14300804,10906218,8906784,3394586,175,123,96,52
Ozuna,1i8SpTcr7yvPOmcqrbnVXY,40871779462,17220110988,7337950230,23651668474,13477736,5905050,2286767,7572686,372,188,96,184
Nicki Minaj,0hCNtLu0JehylgoiP8L4Gh,38310473398,14397474504,8353818610,23912998894,11630848,4685843,3079937,6945005,458,180,96,278
Coldplay,4gzpq5DPGxSnKTe4SA8HAU,38138841264,34904473704,31231604786,3234367560,21822396,19651559,17656922,2170837,333,324,275,9
Chris Brown,7bXgB6jMjp9ATFy66eO08Z,36579031988,19720289314,9856348774,16858742674,17559825,9996867,5640839,7562958,701,397,230,304
Dua Lipa,6M2wZ9GZgrQXHCFfjv46we,35996850397,24128302752,19633013524,11868547645,16042523,10971381,9088707,5071142,285,220,106,65
XXXTENTACION,15UsOTVnJzReFVN1VCnxy4,35917735470,31065542885,25424644036,4852192585,10754167,8561222,6902359,2192945,169,143,99,26
David Guetta,1Cs0zKBU1kc0i8ypK3B9ai,35025560846,25496581389,331050269,9528979457,16154401,12461064,167641,3693337,964,648,50,316
Imagine Dragons,53XhwfbYqKCa1cC15pYq2q,34945071506,32936276194,29389843853,2008795312,12848593,12121351,10455644,727242,254,246,215,8
Daddy Yankee,4VMYDCV2IEDYJArk749S6m,34879264623,16782783599,8997183220,18096481024,12192975,7067859,4145214,5125116,478,294,183,184
21 Savage,1URnnhqYAYcrqrcwql10ft,34232820343,13969164209,7011797786,20263656134,13503837,5365246,2469335,8138591,333,175,88,158
Lil Wayne,55Aa2cqylxrFIXC767Z865,33857633949,12854920180,3515451531,21002713769,14775879,6342767,1637811,8433112,1014,484,256,530
Lana Del Rey,00FQb4jTyendYWaN8pK0wa,33271342668,29933102575,26803959547,3338240093,22087205,20135295,18109898,1951910,232,203,133,29
Khalid,6LuN9FCkKOj5PcnpouEgny,32553973852,16924532428,11591765609,15629441424,7543629,3341298,2502045,4202331,217,104,66,113
Anuel AA,2R21vXR83lH98kGeO99Y66,32467587131,14946583358,4838133469,17521003773,15008720,6715547,2738789,8293173,289,154,84,135
Rauw Alejandro,1mcTU81TzQhprhouKaTkpq,31913954308,18696831833,7687737970,13217122475,22668036,16847890,7057138,5820146,298,150,75,148
SZA,7tYKF4w9nC0nq9CsPZTHyP,30876558440,20327912908,15846169982,10548645532,27448361,16879101,13073918,10569260,144,94,73,50
Lil Baby,5f7VJjfbwm532GiveGC0ZK,30556083546,15634507799,7377166811,14921575747,12710829,7739843,3402965,4970986,421,195,98,226
Maroon 5,04gDigrS5kc9YWfZHwBETP,29855533889,29640683011,19266587252,214850878,12351938,12324260,8432134,27678,246,244,182,2
KAROL G,790FomKkXshlbRYZFtlgla,29794914066,22620731761,10939157377,7174182305,14328495,12234086,6605030,2094409,132,91,43,41
Beyoncé,6vWDO969PvNqNYHIOW5v0m,29647527243,24989585686,18580341167,4657941557,11917118,10546007,7562165,1371111,452,385,240,67
Maluma,1r4hJ1h58CWwUQe3MxPuau,29270549237,16342702723,9727639392,12927846514,12572626,6912516,4099455,5660110,316,176,104,140
Calvin Harris,7CajNmpbOovFoOoasH2HaY,28517193883,26478196627,4869857909,2038997256,12228211,11577007,3250216,651204,326,257,56,69
Lil Uzi Vert,4O15NlyKLIASxsJ0PrXPfz,28408674330,18284849960,14539077566,10123824370,8475070,5103623,3923723,3371447,312,149,120,163
Lady Gaga,1HY2Jd0NmPuamShAr6KMms,28310607988,27800075105,17596416916,510532883,25680380,25510963,15712842,169417,367,327,152,40
J. Cole,6l3HvQ5sa6mXTsMTB19rO5,27791306756,20816317550,16395970315,6974989206,9976342,7462551,5569782,2513791,299,200,166,99
Feid,2LRoIwlKmHjgvigdNGBHNo,27804246382,15044297790,7970321206,12759948592,17393278,10064287,4698668,7328991,252,170,102,82
Myke Towers,7iK8PXO48WeuP03g8YR51W,27432391603,10838959182,7427249891,16593432421,15109070,7402682,4347984,7706388,412,215,154,197
Sia,5WUlDfRSoLAfcVSX1WnrxN,27346275626,18403783400,13590780233,8942492226,9555919,5543766,4335989,4012153,482,341,188,141
Young Thug,50co4Is1HCEo8bhOyUWKpn,26804504624,8925297698,2316769827,17879206926,10123362,3217822,1082677,6905540,703,297,141,406
Shawn Mendes,7n2wHs1TKAczGzO7Dd2rGr,26108229329,25468141895,19462209020,640087434,7532982,7384969,6049412,148013,143,138,119,5
Sam Smith,2wY79sveU1sp5g7SokKOiI,26001589432,21771940540,16226245922,4229648892,7052955,5003137,3638344,2049818,226,172,100,54
Doja Cat,5cj0lLjcoR7YOSnhnX0Po5,25760609237,21045576742,15306582762,4715032495,11664549,8738248,6789311,2926301,153,104,74,49
Farruko,329e4yvIujISKGKz1BZZbO,25723025746,7074651578,3932727416,18648374168,7937866,2510888,1475062,5426978,617,243,103,374
Arijit Singh,4YRxDV8wJFPHPTeXepOstw,25551986615,10828909800,4748062794,14723076815,24086281,10708302,4642841,13377979,788,372,147,416
Queen,1dfeR4HaWDbWqFHLkxsg1d,25314446675,25241995221,23264041873,72451454,8588836,8559443,7775609,29393,635,628,568,7
Linkin Park,6XyY86QOPPrYVGvF9ch6wz,24766661422,23240645756,22094100001,1526015666,18487144,17946675,17611534,540469,468,451,395,17
One Direction,4AK6F7OLvEQ5QYCBNiQWHq,24673153152,24673153152,24587916107,0,10493206,10493206,10487121,0,123,123,108,0
Shakira,0EmeFodog0BfCgMzAIvKQp,24532593812,18858631362,9096908565,5673962450,15119438,12746471,7607906,2372967,269,237,181,32
Adele,4dpARuHxo51G3z768sgnrY,24418597165,24351468310,24209471826,67128855,11075991,11057076,11025052,18915,72,69,58,3
Harry Styles,6KImCVD70vtIoJWnq6nGn3,24387147214,24387147214,24387147214,0,8150320,8150320,8150320,0,37,37,37,0
Metro Boomin,0iEtIxbK0KxaSlF7G42ZOp,24203507996,11496729266,107315875,12706778730,12752639,5877524,33533,6875115,251,112,54,139
Ty Dolla $ign,7c0XG5cIJTrrAgEC3ULPiq,23609335915,4461116812,289881220,19148219103,8135102,928010,24672,7207092,622,142,50,480
Selena Gomez,0C8ZW7ezQVs4URX5aX7Kqx,23611377155,14088662020,10005103843,9522715135,15137132,12032029,3209642,3105103,178,146,91,32
Peso Pluma,12GqGscKJx3aE4t07u7eVZ,23444452995,12551499812,2886670048,10892953183,23153717,12337474,3545068,10816243,149,103,56,46
Arctic Monkeys,7Ln80lUS6He07XvHI8qqHH,22858019771,22858019771,22858019771,0,12969327,12969327,12969327,0,145,145,145,0
Gunna,2hlmm7s2ICUX0LVIhVFlZQ,22786604569,9010641777,5630801408,13775962792,11215908,6787991,4867269,4427917,370,168,113,202
Katy Perry,6jJ0s89eD6GaHleKKya26X,22772480817,20171378302,15504855293,2601102515,11261870,10532436,8303771,729434,200,182,120,18
Halsey,26VFTg2z8YR0cCuwLzESi2,22645003108,12359116962,10965149859,10285886146,6894877,3468982,3201074,3425895,214,186,150,28
Nicky Jam,1SupJlEpv7RS2tPNRaHViT,22622392021,9301107512,2462540406,13321284509,7230908,3897266,1094369,3333642,372,174,90,198
Wiz Khalifa,137W8MRPWKqSmrBGDBFSop,22244859191,10194972972,4224816956,12049886219,7754720,3426965,1244162,4327755,911,524,271,387
The Beatles,3WrFJ7ztbogyGnTHbHJFl2,22062924607,22060730576,22056317087,2194031,9095848,9095814,9094569,34,887,884,876,3
Olivia Rodrigo,1McMsnEElThX1knmY4oliG,21731366015,21729207056,20095257270,2158959,14338288,14338236,13528257,52,55,54,31,1
Morgan Wallen,4oUHIQIBe0LHzYfvXNW4QM,21660233047,18267224359,16780172047,3393008688,20148971,16822645,15506539,3326326,126,110,104,16
"Tyler, The Creator",4V8LLVI7PbaPR0K2TGSxFF,21279616138,18376487952,9055102792,2903128186,16783786,15461990,6098020,1321796,244,193,132,51
Marshmello,64KEffDW9EtZ1y2vBYgq8T,21047021112,15572030995,1584541849,5474990117,6454575,4935561,275617,1519014,248,205,43,43
The Chainsmokers,69GGBxA162lTqCwzJG5jLp,20957168190,20010846002,3732498928,946322188,6833433,6010297,930112,823136,269,233,50,36
Miley Cyrus,5YGY8feqx7naU7z4HrwZM6,20491605518,16775872869,15567175328,3715732649,7635542,6457480,6174486,1178062,240,209,163,31
JAY-Z,3nFkdlSjzX9mRTtwJOzDYB,20433896186,11076735340,2385542180,9357160846,8042125,4334343,829480,3707782,447,298,162,149
Playboi Carti,699OTQXzgjhIYAHMy9RyPD,20396442315,11715643754,7829359339,8680798561,27679382,19127004,10820225,8552378,174,113,72,61
Pitbull,0TnOYISbd1XYRBk9myaseg,20268140015,14035862973,1735970078,6232277042,12233163,8969243,1184545,3263920,583,337,66,246
Die drei ???,3meJIgRw7YleJrmbpbJK6S,20231653832,20231653832,20151509439,0,9246957,9246957,9219823,0,10502,10502,9989,0
A$AP Rocky,13ubrt8QOOCPljQ2FL1Kca,20051362303,11554049245,4719615109,8497313058,10933939,7958983,3614150,2974956,236,88,42,148
Frank Ocean,2h93pZq0e7k5yf4dywlkpM,19970261411,16181518065,14915184635,3788743346,13534352,11493887,10508405,2040465,66,46,42,20
Cardi B,4kYSro6naA4h99UJvo89HB,19894248904,9226312130,3678388899,10667936774,4519490,2045860,851067,2473630,133,68,33,65
Pritam,1wRPtKGflJrBx9BmLsSwlU,19763055991,16424576627,7915649,3338479364,19537447,15943217,7236,3594230,896,685,10,211
Camila Cabello,4nDoRrQiYLoBzwC5BhVJzF,19157073972,11029643587,5676647252,8127430385,5750513,3469538,1923554,2280975,107,70,46,37
Junior H,7Gi6gjaWy3DxyilpF1a8Is,18688916406,11741894007,8635673609,6947022399,19007303,12477589,10766149,6529714,184,129,99,55
Avicii,1vCWHaC5f2uS3yhpwWbIA6,18629136737,17567354160,12234920656,1061782577,6601363,6329393,4649180,271970,254,214,79,40
DaBaby,4r63FhuTkUYltbVAg5TQnk,18493292003,8490646721,4758766920,10002645282,3942816,1506896,917127,2435920,274,190,136,84
Twenty One Pilots,3YQKmKGau1PzlVlkL1iodx,18490906049,18354704225,18294855086,136201824,8857450,8352377,8341566,505073,141,139,133,2
Snoop Dogg,7hJcb9fa4alzcOq3EaNPoG,18433433980,7380643832,2021163743,11052790148,6962904,2808898,562836,4154006,1113,618,232,495
Disney,3xvaSlT4xsyk6lY1ESOspO,17982871350,0,0,17982871350,10259018,0,0,10259018,766,0,0,766
Kygo,23fqKkggKUBHNkbKtXEls4,17961219888,16126597832,233831951,1834622056,5127727,4881340,48392,246387,172,148,10,24
OneRepublic,5Pwc4xIPtQLFEnJriah9YJ,17875162589,16599533618,14770322463,1275628971,8241720,6789660,6351691,1452060,225,190,161,35
Red Hot Chili Peppers,0L8ExT028jH3ddEcZwqJJ5,17603583012,17603583012,17602718443,0,8196055,8196055,8195753,0,273,273,268,0
Sech,77ziqFxp5gaInVrF2lj4ht,17382514307,6756189410,2158796888,10626324897,5030875,1327706,444580,3703169,207,112,69,95
$uicideboy$,1VPmR4DJC1PlOtd0IADAO0,17384468585,16654210092,13545144057,730258493,9618840,9402478,7793086,216362,376,360,262,16
Arcángel,4SsVbpTthjScTS7U2hmr1X,17326345230,6919239081,1974370181,10407106149,8141478,3803365,1724572,4338113,491,242,124,249
Michael Jackson,3fMbdgg4jU18AjLCKBhRSm,17107678059,16331890916,15178150711,775787143,8860210,8624254,8249307,235956,341,318,263,23
Quavo,0VRj0yCOv2FXJNP47XQnx5,16862935675,2529624733,744105273,14333310942,3278730,981041,124155,2297689,303,95,45,208
Trippie Redd,6Xgp2XMz1fhVYe7i6yNAax,16762228583,10380067543,5318778666,6382161040,5009664,2816830,1111316,2192834,372,242,121,130
Mac Miller,4LLpKhyESsyAXpc4laK94U,16622707756,15398918392,10847942863,1223789364,8096386,7671642,4791115,424744,272,231,182,41
Tyga,5LHRHt1k9lMyONurDHEdrp,16538801219,7017701347,2651610058,9521099872,4091489,1515329,600214,2576160,452,294,178,158
50 Cent,3q7HBObVc0L8jNeTe5Gofh,16456986118,11354950095,6814066756,5102036023,8412241,6303824,3630826,2108417,258,153,87,105
Elton John,3PhoLpVuITZKcymswpck5b,16213490204,14539719015,10143922730,1673771189,7115456,6688950,4341223,426506,804,744,626,60
Jason Derulo,07YZf4WDAMNwqr4jfgOZ8y,15899507027,12095714962,7299237027,3803792065,4548370,3146411,2129812,1401959,268,206,99,62
Alan Walker,7vk5e3vY1uw9plTHJAMwjN,15845783356,12055999888,4672357065,3789783468,5220485,4199732,1424610,1020753,260,195,37,65
Bebe Rexha,64M6ah0SkkRsnPGtGiRAbb,15727258208,5455697876,2609858280,10271560332,3688765,886297,374235,2802468,217,106,54,111
YoungBoy Never Broke Again,7wlFDEWiM5OoIAt8RSli8b,15593617242,11474306138,10093924974,4119311104,6299903,5084941,4636112,1214962,707,559,497,148
Manuel Turizo,0tmwSHipWxN12fsoLcFU3B,15543994043,7340669353,4900250831,8203324690,7457074,2390269,1650120,5066805,131,59,35,72
Lil Peep,2kCcBybjl3SAtIcwdWpUe3,15513034666,14698110341,8057156211,814924325,7015589,6787601,3237275,227988,191,175,92,16
Charlie Puth,6VuMaDnrHyPL1p4EHjYLi7,15499905168,12298072708,7205735807,3201832460,4588564,3668521,2018265,920043,132,109,54,23
Swae Lee,1zNqQNIdeOUZHb8zbZRFMX,15456219194,426718421,125673151,15029500773,4605471,92551,15376,4512920,141,10,4,131
Kodak Black,46SHBwWsqBkxI7EeeBEQG7,15314482440,9902132333,6255016305,5412350107,6244740,3927662,2951545,2317078,463,328,259,135
Demi Lovato,6S2OmqARrzebs0tKUEyXyp,15295259275,10189398862,8798755614,5105860413,3431595,2553182,2097229,878413,305,243,205,62
Romeo Santos,5lwmRuXgjX8xIwlnauTZIP,15259736312,10659138080,6157013303,4600598232,9214055,5986085,3908009,3227970,158,134,82,24
Fuerza Regida,0ys2OFYzWYB5hRDLCsBqxt,15269576870,11224150721,5714830755,4045426149,21960763,14412698,7250218,7548065,284,227,159,57
A Boogie Wit da Hoodie,31W5EY0aAly4Qieq6OFu6I,15242368358,10029761782,5432730069,5212606576,3421809,2417173,1528314,1004636,300,169,95,131
Natanael Cano,0elWFr7TW8piilVRYJUe4P,15239926136,10112936806,5578743024,5126989330,12699145,8751645,4565353,3947500,216,155,95,61
Pop Smoke,0eDvMgVFoNV3TpwtrVCoTj,15103084192,13636674769,7306483538,1466409423,3589346,3261586,1795642,327760,109,95,37,14
The Neighbourhood,77SW9BnxLY8rJ0RciFqkHh,15085599564,15076447763,14559744890,9151801,9102443,9094040,8827405,8403,112,111,95,1
Metallica,2ye2Wgw4gimLv2eAKyk1NB,15049349669,14982548546,14760967964,66801123,7344472,7307107,7202263,37365,724,702,675,22
Big Sean,0c173mlxpT3dSFRgMO8XPh,14932944615,6663057886,2073413642,8269886729,3202816,1135215,175597,2067601,343,173,74,170
Sebastian Yatra,07YUOmWljBTXwIseAUd9TW,14796412760,9847018344,4133094516,4949394416,5311113,3944460,1850273,1366653,149,84,46,65
Luke Combs,718COspgdWOnwOFpJHRZHS,14760564728,13844029490,13156732450,916535238,8728368,7742192,7451617,986176,114,99,93,15
Sabrina Carpenter,74KM79TiuVKeVCqs8QtB0B,14731628125,13310883686,13094533178,1420744439,22914288,22289916,22094379,624372,150,127,109,23
JHAYCO,6nVcHLIgY5pE2YCl8ubca1,14701527260,6269932590,1707144917,8431594670,6439319,2923096,855981,3516223,146,88,46,58
Justin Timberlake,31TPClRtHm23RisEBtV3X7,14685167721,10592224171,7280302531,4092943550,7231337,5251832,3410962,1979505,254,177,114,77
BLACKPINK,41MozSoPIsD1dJM0CLPjZF,14560089916,13467716344,12649985761,1092373572,4177943,3907615,3749210,270328,108,104,102,4
Migos,6oMuImdp5ZcFhWP0ESe6mG,14348505960,9617511496,4434099845,4730994464,2824850,1787139,789401,1037711,338,240,185,98
Daft Punk,4tZwfgrHOc3mvqYlEYSvVi,14292105312,8425336410,5053723075,5866768902,6554797,4245685,2878283,2309112,210,204,133,6
Sean Paul,3Isy6kedDrgPYoTS1dazA9,14075124120,7097568394,3008656714,6977555726,7456584,4515432,2174066,2941152,433,270,143,163
P!nk,1KCSPY1glIKqW2TotWuXOR,14033401252,12719260090,9502072488,1314141162,5439917,5018805,3724992,421112,267,244,175,23
Ellie Goulding,0X2BH1fck6amBIoJhDVmmJ,14026643802,9809240806,7531706246,4217402996,5342737,2991264,2416430,2351473,276,206,116,70
Don Omar,33ScadVnbm2X8kkUqOkC6Z,14006701639,11072060088,6036645235,2934641551,9998488,8390178,4909197,1608310,339,253,126,86
Polo G,6AgTAQt8XS6jRWi4sX7w49,13970529008,9771944007,6387649400,4198585001,3898557,2713103,1867705,1185454,176,101,66,75
USHER,23zg3TcAtWQy7J6upgbUnj,13945081911,10004327189,4232178730,3940754722,7049145,5785277,2164927,1263868,327,258,158,69
Zach Bryan,40ZNYROS4zLfyyBSs2PGe2,13933397563,13922098215,11179354974,11299348,12829840,12755020,10167083,74820,186,185,166,1
AC/DC,711MCceyCBcFnzjGY4Q7Un,13898845364,13898845364,13898845364,0,6731613,6731613,6731613,0,308,308,308,0
Henrique & Juliano,3p7PcrEHaaKLJnPUGOtRlT,13884591793,11348525154,10981938538,2536066639,11791204,9995709,9778972,1795495,279,226,219,53
G-Eazy,02kJSzxNuaWGqwubyUba0Z,13829144203,10379195552,1671743460,3449948651,4316474,3643258,1140627,673216,321,207,78,114
Diplo,5fMUXHkw8R8eOP2RNVYEZX,13797832412,4692340323,31466908,9105492089,3937886,1382125,2580,2555761,522,248,29,274
Luis Miguel,2nszmSgqreHSdJA3zWPyrW,13783579458,13768500675,13756478939,15078783,6536851,6528953,6526369,7898,312,310,306,2
James Arthur,4IWBUUAFIplrNtaOHcJPRM,13733321260,12547092465,10930411068,1186228795,6363919,6140856,5301859,223063,194,162,115,32
Justin Quiles,14zUHaJZo1mnYtn6IBRaRP,13599758529,4237260005,1747057359,9362498524,3443923,1093974,560663,2349949,262,123,74,139
Hozier,2FXC3k01G6Gw61bmprjgqS,13609346005,12644278011,12315510986,965067994,10488846,9648112,9460173,840734,103,90,83,13
Bizarrap,716NhGYqD1jl2wI1Qkgq36,13589544596,11452499122,77987276,2137045474,4863278,4001922,19862,861356,116,96,10,20
DJ Snake,540vIaP2JwjQb9dm3aArA4,13564604498,10266836937,478997678,3297767561,4295568,3179714,109464,1115854,193,146,21,47
Kali Uchis,1U1el3k54VvEUzo3ybLPlM,13531141200,7796581378,5387141328,5734559822,10685686,5560025,3923776,5125661,128,95,71,33
Tory Lanez,2jku7tDXc6XoB6MO2hFuqg,13526262394,9277564520,6354109238,4248697874,5916423,5212303,4035091,704120,467,316,231,151
Marília Mendonça,1yR65psqiazQpeM79CcGh8,13422523019,9630556280,6588066116,3791966739,4190439,2821440,2116332,1368999,195,126,84,69
Duki,1bAftSH8umNcGZ0uyV7LMg,13304608434,6509520520,2771882185,6795087914,7131562,3949976,1502277,3181586,266,134,61,132
Pharrell Williams,2RdwBSPQiwcmiDo9kixcl8,13264600782,3425081857,2507441520,9839518925,5391120,1285991,985905,4105129,293,77,52,216
Gucci Mane,13y7CgLHjMVRMDqxdx0Xdo,13201580009,6345566473,1352585622,6856013536,3376954,1849051,540082,1527903,1651,1350,665,301
Lil Durk,3hcs9uc56yIGFCSy9leWe7,13170996799,5755963382,2359519753,7415033417,6598735,3605760,1857027,2992975,599,366,238,233
Akon,0z4gvV4rjIZ9wHck67ucSV,13032535351,6008431140,3273453592,7024104211,8099857,3940591,2214823,4159266,415,181,114,234
Nirvana,6olE6TJLqED3rqDCT0FyPh,13000661628,13000661628,13000039614,0,7423723,7423723,7423556,0,397,397,396,0
2 Chainz,17lzZA2AlOHwCwFALHttmp,12977430834,3817372302,841270373,9160058532,2956008,628408,113683,2327600,584,285,142,299
Offset,4DdkRBBYG6Yk9Ka8tdJ9BW,12952978489,3610869758,599533616,9342108731,3419480,1185564,304394,2233916,204,50,23,154
Don Toliver,4Gso3d4CscCijv0lmajZWs,12949600959,7211089530,4926839441,5738511429,11853821,8206998,5558554,3646823,178,109,58,69
The Kid LAROI,2tIP7SsRs7vjIcLrU85W8J,12894461464,11390916851,5238103723,1503544613,5716110,4572948,3043112,1143162,95,77,57,18
Panic! At The Disco,20JZFwl6HVl6yg8a4H3ZqK,12860851977,11938547841,11588702043,922304136,3396165,3203648,3137665,192517,153,152,146,1
Britney Spears,26dSoYclwsYLMAKD3tpOr4,12811430323,11137065533,10574045053,1674364790,6726115,5997450,5873012,728665,295,276,153,19
Carin Leon,66ihevNkSYNzRAl44dx6jJ,12697787965,7908602150,5698616587,4789185815,9705798,6004233,4130106,3701565,396,340,234,56
Kid Cudi,0fA0VVWsXO9YnASrzqfmYu,12691496027,8930765331,4930828923,3760730696,4392891,2921380,1617226,1471511,281,223,151,58
Fall Out Boy,4UXqAaa6dQYAk18Lv7PEgX,12513931724,11339572338,10545839725,1174359386,4620191,4334086,4181851,286105,226,211,169,15
Flo Rida,0jnsk9HBra6NMjO2oANoPY,12425520778,9943782620,3654617703,2481738158,5523695,4378780,1516373,1144915,284,205,52,79
Roddy Ricch,757aE44tKEUQEqRuT6GnEB,12411710282,5936804960,4408093446,6474905322,3076930,1451589,1144887,1625341,119,69,51,50
Logic,4xRYI6VqpkE3UwrDrAZL8L,12387384742,9945519020,5341196341,2441865722,1883123,1390013,691962,493110,293,242,160,51
Green Day,7oPftvlwr6VrsViSDV7fJY,12346154683,12246635933,12246635933,99518750,6262694,6224504,6224504,38190,494,476,476,18
Lenny Tavárez,1pQWsZQehhS4wavwh7Fnxd,12343234654,1005847743,166752742,11337386911,3640640,267259,38419,3373381,186,63,26,123
Fleetwood Mac,08GQAI4eElDnROBrJRGE0X,12198462226,12198280930,12197799522,181296,6857382,6857280,6857215,102,745,744,743,1
Martin Garrix,60d24wfXkVzDSfLS6hyCjZ,12194726042,11073649969,1075397032,1121076073,2875463,2665167,263831,210296,242,210,11,32
NF,6fOMl44jA4Sp5b9PpYCkzz,12165026957,11969646184,10775697797,195380773,3825076,3751833,3362087,73243,97,94,82,3
Lil Nas X,7jVv8c5Fj3E9VhNjxT4snq,12129756941,12083709690,6911166988,46047251,2279867,2243979,1408997,35888,48,45,30,3
Lewis Capaldi,4GNC7GD6oZMSxPGyXy4MNB,12106944406,12106944406,11658564786,0,3893052,3893052,3820585,0,73,73,61,0
Black Eyed Peas,1yxSLGMDHlW21z4YXirZDS,12096596121,11679170504,8521923631,417425617,6364030,6154704,5192680,209326,246,235,161,11
Joji,3MZsBdqDrRTJihTHQrO6Dq,11972185866,11108994275,9853682719,863191591,4032712,3891860,3569694,140852,78,59,39,19
Major Lazer,738wLrAtLtCtFOLvQBXOXp,11929819503,10458776901,34185236,1471042602,3152142,2785627,2352,366515,308,234,3,74
Anne-Marie,1zNqDE7qDGCsyzJwohVaoX,11915223434,4550704120,3410659975,7364519314,3297550,1109325,863792,2188225,224,121,56,103
Bob Marley & The Wailers,2QsynagSdAqZj3U9HgDzjD,11905605277,11768021579,10894629064,137583698,6052405,5984124,5670483,68281,651,640,516,11
Camilo,28gNT5KBp7IjEOQoevXf9N,11891823523,7138772909,3052256947,4753050614,6352032,3282145,1171750,3069887,92,55,33,37
Wisin & Yandel,1wZtkThiXbVNtj6hee6dz9,10113717436,6802647169,4060650854,3311070267,5642243,4180056,3037730,1462187,355,294,185,61
Bryson Tiller,2EMAnMvWE2eb56ToJVfCWs,11741827820,7603230663,7296133466,4138597157,5985546,4347873,4199203,1637673,145,85,74,60
Morat,5C4PDR4LnhZTbVnKWXuDKD,11741209332,9592789368,6983276380,2148419964,6849983,5508041,3942766,1341942,127,107,86,20
ROSALÍA,7ltDVBr6mKbRvohxheJ9h1,11697582395,7742519433,4135826300,3955062962,3205043,2001936,1033852,1203107,83,66,53,17
Jorge & Mateus,1elUiq4X7pxej6FRlrEzjM,11637813596,8790419481,8408719760,2847394115,7281772,5781118,5307258,1500654,352,272,268,80
Lil Yachty,6icQOAFXDZKsumw3YXyusw,11604780341,4867569702,2071039507,6737210639,4149931,2349947,1067720,1799984,403,185,98,218
Ne-Yo,21E3waRsmPlU7jZsS13rcj,11601585851,5461757313,4801070278,6139828538,6968023,2762459,2453459,4205564,333,183,142,150
Megan Thee Stallion,181bsRPaVXVlUKXrxwZfHK,11589147884,6659804231,3915051559,4929343653,4588361,2676202,1485048,1912159,228,171,101,57
mgk,6TIYQ3jFPwQSRmorSezPxX,11588294098,9940366219,3802498400,1647927879,3243758,2843701,1095378,400057,211,150,81,61
2Pac,1ZwdS5xdxEREPySFridCfh,11553988841,10922898266,4525938402,631090575,5541999,5276053,2050880,265946,338,295,163,43
John Mayer,0hEurMDQu99nJRq8pTxO14,11532773786,10900066210,10613507691,632707576,3489696,3128625,3065480,361071,230,206,201,24
Becky G,4obzFoKoKRHIphyHzJ35G3,11515303396,7613201945,1882205300,3902101451,2861643,2163785,509294,697858,203,115,63,88
Tate McRae,45dkTj5sMRSjrmBSBeiHym,11520605742,10284311990,9699087010,1236293752,17590165,17065769,15723393,524396,109,97,76,12
Lauv,5JZ7CnR6gTvEMKX4g70Amv,11383204735,10289202063,6655348569,1094002672,2768535,2547381,1896176,221154,134,109,67,25
Christian Nodal,0XwVARXT135rw8lyw1EeWP,11286028451,7946277757,6705964828,3339750694,4679974,3430265,2841812,1249709,105,75,64,30
Jack Harlow,2LIk90788K0zvyj2JJVwkJ,11277787467,7483130678,4931484705,3794656789,4865565,3046571,2025557,1818994,135,103,76,32
Childish Gambino,73sIBHcqh3Z3NyqHKZ7FOL,11269207091,10253135801,9227855276,1016071290,5235737,4363475,4043707,872262,138,109,78,29
5 Seconds of Summer,5Rl15oVamLq7FbSb0NNBNy,11256993203,10546533648,10068432716,710459555,3266878,3108253,3061963,158625,202,194,186,8
Macklemore,3JhNCzhSMTxs9WLGJJxWOY,11244993602,5469263994,398684271,5775729608,3620879,2306413,103338,1314466,123,66,33,57
Dr. Dre,6DPYiyq5kWVQS4RGwxzPC7,11209845061,7251753791,378713894,3958091270,5111331,3164784,226036,1946547,164,92,28,72
Radiohead,4Z8W4fKeB5YxbusRsdQVPb,11194700529,11191948801,11127417880,2751728,9899839,9899839,9888813,0,228,227,198,1
blackbear,2cFrymmkijnjDg9SS92EPM,11183001102,7648454214,6172354689,3534546888,1952008,1169802,987814,782206,215,141,92,74
Alessia Cara,2wUjUUtkb5lvLKcGKsKqsR,11182937356,5805542611,4851751636,5377394745,2578153,1428137,1300920,1150016,163,131,94,32
ZAYN,5ZsFI1h6hIdQRw2ti0hz81,11083714063,10044872071,5102079161,1038841992,3526848,3356656,1661157,170192,122,98,80,24
Robin Schulz,3t5xRXzsuZmMDkQzgOX35S,11083192705,6524490364,346498507,4558702341,3412388,1757036,36876,1655352,310,227,44,83
Mariah Carey,4iHNK0tOyZPYnBU7nGAgpQ,11042458218,10004435690,8286244750,1038022528,4234698,3808207,3145491,426491,497,466,317,31
Michael Bublé,1GxkXlMwML1oSg5eLPiAz3,11007335671,10385428477,9004123986,621907194,1986236,1858432,1734772,127804,272,242,184,30
Guns N' Roses,3qm84nBOXUEQ2vnTfUTTFC,10960965852,10960965852,10960505079,0,5331128,5331128,5330553,0,207,207,204,0
Miguel,360IAlyVv4PCEVjgyMZrxK,10891975645,6231019573,4392628701,4660956072,6170357,2961103,2268802,3209254,215,131,101,84
Ava Max,4npEfmQ6YuiwW1GpUmaq3F,10881107650,7153211457,6678920115,3727896193,4052240,2017723,1946034,2034517,158,100,48,58
Zara Larsson,1Xylc3o4UrD53lo9CvFvVg,10851866071,7182941603,5302428841,3668924468,2718188,1540047,1175837,1178141,181,138,86,43
Zion & Lennox,21451j1KhjAiaYKflxBjr1,10849664341,4037721551,2100002734,6811942790,3146832,1173706,772362,1973126,266,113,75,153
Pink Floyd,0k17h0D3J5VfsdmQ1iZtE9,10844507530,10844507530,10844507530,0,5955804,5955804,5955804,0,428,428,428,0
Yandel,0eHQ9o50hj6ZDNBt6Ys1sD,10808643837,4923560445,1077152145,5885083392,4736796,1966079,827232,2770717,317,180,90,137
Gorillaz,3AA28KZvwAUcZuOKwyblJQ,10744766365,10742430543,3148975224,2335822,6583297,6582578,1851431,719,287,286,159,1
Banda MS de Sergio Lizárraga,2C6i0I5RiGzDKN9IAF8reh,10737652993,9862707809,9041190321,874945184,5217155,4775697,4178910,441458,298,276,258,22
Daniel Caesar,20wkVLutqVOYrc0kxFs7rA,10724771875,8264780283,4390215974,2459991592,9241484,7982029,4911723,1259455,69,54,35,15
Anirudh Ravichander,4zCH9qm4R2DADamUHMCa6O,10674932697,8443047026,2154029292,2231885671,8883770,6615036,1582634,2268734,690,581,265,109
The Rolling Stones,22bE4uQ6baNwSHPVcDxLCe,10656039327,10638862238,10466190314,17177089,3980738,3974819,3917215,5919,1105,1091,1020,14
Enrique Iglesias,7qG3b048QCHVRO5Pv1T5lw,10645934448,8990629600,2626392280,1655304848,4819360,4441876,1412798,377484,298,251,133,47
John Legend,5y2Xq6xcjJb2jVM54GHK3t,10634153067,6735506682,5255239983,3898646385,2693427,1667641,1469579,1025786,376,258,173,118
Julión Álvarez y su Norteño Banda,1bfl0AU8SqmLkElptOprhC,6551679704,6429254135,6398645920,122425569,6144585,6084357,6071304,60228,243,236,232,7
Chance the Rapper,1anyVhU62p31KFi8MEzkbf,10600351287,4062670970,697192633,6537680317,2442523,495154,106090,1947369,165,106,38,59
Rels B,2IMZYfNi21MGqxopj9fWx8,10511215964,8489740717,6731816831,2021475247,7236160,5849900,4260218,1386260,152,127,92,25
Brent Faiyaz,3tlXnStJ1fFhdScmQeLpuG,10508614026,7762589974,6672463406,2746024052,6873334,5261509,4296141,1611825,143,109,62,34
Stray Kids,2dIgFjalVxs4ThymZ67YCE,10500973108,10412291885,9857048975,88681223,9752968,9714205,8939646,38763,310,306,292,4
French Montana,6vXTefBL93Dj5IqAWq6OTv,10465798448,5335577634,308748559,5130220814,2765055,1492896,45226,1272159,639,394,110,245
Meghan Trainor,6JL8zeS1NmiOftqZTRgdTz,10464762374,8543472554,6720392444,1921289820,3020675,2681243,1970664,339432,206,175,123,31
Lil Tjay,6jGMq4yGs7aQzuGsMgVgZR,10423576294,6865091645,4270089789,3558484649,2968215,2057020,1284127,911195,159,87,58,72
Charli xcx,25uiPmTg16RbhZWAqwLBy5,10395795066,6622894795,4194687854,3772900271,9196029,7888943,5146303,1307086,305,233,107,72
PARTYNEXTDOOR,2HPaUgqeutzr3jx5a9WyDV,10407446303,7187123906,4799090846,3220322397,11721641,10217798,6005149,1503843,169,124,83,45
Quevedo,52iwsT98xCoGgiGntTiR7K,10390707637,5614818851,3685372513,4775888786,7784927,4234776,2291492,3550151,95,59,34,36
Creedence Clearwater Revival,3IYUhFvPQItj6xySrBmZkd,10388089901,10384720949,10380250708,3368952,3944962,3857296,3856740,87666,179,178,177,1
Gusttavo Lima,7MiDcPa6UiV3In7lIM71IN,10358745399,8657498155,7343534218,1701247244,3816671,3348967,2970850,467704,446,362,324,84
Reik,0vR2qb8m9WHeZ5ByCbimq2,10317416908,8556647301,4375205422,1760769607,3959275,3454200,2332568,505075,206,161,127,45
Frank Sinatra,1Mxqyy3pSjf8kZZL4QVxS0,10282669487,9955886784,7576110142,326782703,3456424,3298613,2356179,157811,1630,1571,1268,59
Zedd,2qxJFvFYMEDqd7ui6kSAcq,10204992463,7326904462,223840020,2878088001,2610359,1873390,27310,736969,195,162,22,33
Skrillex,5he5w2lnU9x7JFhnwcekXX,10197712655,4787924845,846649760,5409787810,6638412,5119607,1552219,1518805,273,157,27,116
Little Mix,3e7awlrlDSwF3iM0WBjGMp,10197023281,8808687805,6426123485,1388335476,2012442,1744169,1331593,268273,219,199,143,20
Rick Ross,1sBkRIssrMs1AbVkOJbc7a,10134188437,2863195127,668963066,7270993310,3121128,913262,182875,2207866,617,226,66,391
Wisin & Yandel,1wZtkThiXbVNtj6hee6dz9,10113717436,6802647169,4060650854,3311070267,5642243,4180056,3037730,1462187,355,294,185,61
DJ Khaled,0QHgL1lAIqAw0HtD7YldmP,10093176763,9277237702,589413333,815939061,2398266,2013717,191705,384549,221,166,41,55
Shreya Ghoshal,0oOet2f43PA68X5RxKobEy,10041178293,1843644277,773432821,8197534016,11054205,2108930,812422,8945275,1063,333,155,730
System Of A Down,5eAWCfyUhZtHHtBdNk56l1,10014637747,10013548605,9987205225,1089142,6708378,6708172,6678092,206,83,81,80,2
Tame Impala,5INjqkS1o8h1imAzPqGZBb,10004405502,9176299620,9065528795,828105882,5848373,5080017,5040495,768356,131,102,85,29
ABBA,0LcJLqbBmaGUft1e9Mm8HV,9954336320,9954336320,9954336320,0,5794733,5794733,5794733,0,172,172,172,0
Elvis Presley,43ZHCT0cAZBISjO8DG9PnE,9949748783,9903336344,9135166941,46412439,3455887,3451679,3234899,4208,1647,1625,1528,22
Melanie Martinez,63yrD80RY3RNEM2YDpUpO8,9892931722,9892931722,9758520309,0,3274700,3274700,3252547,0,90,90,67,0
Alicia Keys,3DiDSECUqqY1AuBP8qtaIa,9867387866,6956417264,6158128302,2910970602,4648271,3092276,2667818,1555995,290,251,192,39
Mora,0Q8NcsJwoCbZOHHW63su5S,9865917218,7388440785,2860531992,2477476433,5048153,3641974,1820008,1406179,131,90,50,41
Grupo Frontera,6XkjpgcEsYab502Vr1bBeW,9778649104,6168574483,1708970025,3610074621,10246145,4550913,1305525,5695232,62,42,24,20
TWICE,7n2Ycct7Beij7Dj7meI4X0,9727133606,9652579546,9515781322,74554060,3809049,3771640,3442719,37409,293,291,268,2
Labrinth,2feDdbD5araYcm6JhFHHw7,9680572068,6483326169,5094463841,3197245899,2857819,2210424,1691506,647395,185,125,88,60
Eladio Carrion,5XJDexmWFLWOkjOEjOVX3e,9640902497,7163401996,2515771708,2477500501,12288052,10527966,4241741,1760086,283,183,97,100
Meek Mill,20sxb77xiYeusSH8cVdatc,9548210250,7065554331,1937690869,2482655919,2333938,1619931,621606,714007,454,321,175,133
Kesha,6LqNN22kT3074XbTVUrhzX,9516203999,6115960600,5590084839,3400243399,5334182,3435408,3063413,1898774,182,153,104,29
Luis R Conriquez,0pePYDrJGk8gqMRbXrLJC8,9480264201,4937884610,1699343667,4542379591,8527767,4098161,622055,4429606,468,370,213,98
Darell,1TtXnWcUs0FCkaZDPGYHdf,9467192646,1525625012,539401929,7941567634,3122692,535816,139867,2586876,255,87,39,168
Bryant Myers,6w9ToX5slZ4uIdmD17hJ3c,9406879903,3093598824,1053500418,6313281079,7973075,3411740,1362414,4561335,211,73,31,138
Ñengo Flow,12vb80Km0Ew53ABfJOepVz,9406113555,2006649839,824380755,7399463716,5409778,1576818,962882,3832960,493,195,98,298
Grupo Firme,1dKdetem2xEmjgvyymzytS,9319938623,6572793798,1994279440,2747144825,4632903,3314532,1178831,1318371,308,251,113,57
Ninho,6Te49r3A6f5BiIgBRxH7FH,9305220192,5561570726,4107159773,3743649466,4646534,3098595,2142783,1547939,262,165,115,97
Clean Bandit,6MDME20pz9RveH9rEXvrOM,9295702231,9011499881,71277016,284202350,2769137,2605368,4662,163769,223,188,13,35
Lil Tecca,4Ga1P7PMIsmqEZqhYZQgDo,9289774382,8284666085,6725215625,1005108297,8398045,8114924,7173589,283121,128,106,90,22
The Notorious B.I.G.,5me0Irg2ANcsgc93uaYrpb,9258789367,7778132165,5797509637,1480657202,3702735,3351158,2574891,351577,204,137,79,67
blink-182,6FBDaR13swtiWwGhX1WQsP,9252409816,9097138304,9058929290,155271512,3746474,3709313,3699423,37161,223,215,212,8
Christina Aguilera,1l7ZsJRRS8wlW3WfJfPfNS,9244575871,5106624568,3899308439,4137951303,3912311,1827469,1412115,2084842,255,230,174,25
Madonna,6tbjWDEIzxoDsBA1FuhfPW,9242193912,7805737449,6587447495,1436456463,4810383,3935781,3413300,874602,668,632,438,36
Troye Sivan,3WGpXCj9YhhfX11TToZcXP,9230767322,6513445489,5433759784,2717321833,3223153,2132498,1883322,1090655,148,99,60,49
A.R. Rahman,1mYsTxnqsietFxj1OgoGbG,9206825414,8042429566,468681003,1164395848,7565597,6776606,386250,788991,999,856,137,143
Russ,1z7b1Pr1rSlvWRzsW3HOrS,9201850787,8852821899,7665273888,349028888,2275841,2147449,1817713,128392,451,415,335,36
Cigarettes After Sex,1QAJqy2dA3ihHBFIHRphZj,9164702579,9164702579,9164702579,0,9450069,9450069,9450069,0,44,44,44,0
U2,51Blml2LZPmy7TTiAg47vQ,9092267984,8568026581,8348521645,524241403,3338990,3121003,3068492,217987,610,601,507,9
Foo Fighters,7jy3rLJdDQY21OgRLCZ9sD,9089882308,9085896677,9075497714,3985631,3180858,3179387,3177929,1471,248,247,245,1
Jhené Aiko,5ZS223C6JyBfXasXxrRqOk,9071687597,5145170649,2619413301,3926516948,4392869,2548794,1348910,1844075,167,114,76,53
David Bowie,0oSGxfWSnnOXhD2fKuz2Gy,9064358531,7099935646,6947739500,1964422885,3423658,2655876,2610923,767782,1064,1030,964,34
Lorde,163tK9Wjr9P9DmM0AVK7lm,9060804696,8604299488,8227125216,456505208,3542176,3188454,3069531,353722,71,60,55,11
Florida Georgia Line,3b8QkneNDz4JHKKKlLgYZg,9044196958,5854478569,4165823023,3189718389,1681086,1106293,705025,574793,123,107,85,16
Rammstein,6wWVKhxIU2cEi0K81v7HvP,9029812069,9029812069,8912113519,0,4828063,4828063,4794189,0,247,247,169,0
Summer Walker,57LYzLEk2LcFghVwuWbcuS,8999485301,6463165338,3174340352,2536319963,4371486,3018633,1543511,1352853,165,110,81,55
Slipknot,05fG473iIaoy82BF1aGhL8,8935823869,8935823869,8935823869,0,5006090,5006090,5006090,0,223,223,223,0
T-Pain,3aQeKQSyrW4qWr35idm0cy,8931977845,3694445925,675109075,5237531920,4451608,1616500,338829,2835108,401,221,120,180
Chencho Corleone,37230BxxYs9ksS7OkZw3IU,8909420542,470709850,224091597,8438710692,3281786,294446,131974,2987340,66,21,12,45
The Killers,0C0XlULifJtAgn6ZNCW2eu,8882854359,8882268834,8703836368,585525,3808651,3808556,3764046,95,212,211,153,1
Paramore,74XFHRwlV6OrjEM0A2NCMF,8881384294,8881384294,8835470717,0,6062693,6062693,6022298,0,138,138,122,0
The 1975,3mIj9lX2MWuHmhNCA7LSCW,8850434996,8583949792,8562385073,266485204,3655777,3554823,3553204,100954,224,216,209,8
Tainy,0GM7qgcRCORpGnfcN2tCiB,8840539282,4353132513,5287766,4487406769,4434780,2661683,5866,1773097,99,68,20,31
Dalex,0KPX4Ucy9dk82uj4GpKesn,8837863096,3651563157,443692254,5186299939,2779954,988416,112927,1791538,211,88,49,123
De La Ghetto,3EiLUeyEcA6fbRPSHkG5kb,8824445633,1733437775,413995028,7091007858,3424365,562518,167829,2861847,354,110,51,244
League of Legends,47mIJdHORyRerp4os813jD,8790786576,3433487600,408038987,5357298976,5990711,1252877,90826,4737834,561,511,334,50
Maria Becerra,1DxLCyH42yaHKGK3cl5bvG,8774023226,3139324304,2216247726,5634698922,3323007,1203294,968458,2119713,104,55,39,49
Luis Fonsi,4V8Sr092TqfHkfAA5fXXqG,8748169317,7736083446,1310815478,1012085871,2304905,2075702,570742,229203,233,171,133,62
Bon Jovi,58lV9VcRSjABbAbfWS6skp,8731432498,8698858975,8600809530,32573523,4343767,4156132,4121201,187635,395,386,362,9
Alok,0NGAZxHanS9e0iNHpR8f2W,8716631249,7115433947,275568184,1601197302,3158902,2581053,77975,577849,308,223,21,85
Noah Kahan,2RQXRUsr4IW1f3mKyKsy4B,8696736427,8094638766,6405502511,602097661,8702178,8175769,6399756,526409,105,90,73,15
Zé Neto & Cristiano,487N2T9nIPEHrlTZLL3SQs,8676414536,7437540346,6955051581,1238874190,3218331,2478357,2173214,739974,234,200,178,34
Jeremih,3KV3p5EY4AvKxOlhGHORLg,8654031930,4782458064,1929895090,3871573866,2498616,1710803,812273,787813,313,112,57,201
Mitski,2uYWxilOVlUdk4oV9DvwqK,8650424182,8598594924,8532411328,51829258,5678972,5637462,5556738,41510,88,84,79,4
YG,0A0FS04o6zMoto8OKPsDwY,8637347816,3838790708,984623684,4798557108,1877322,721696,193616,1155626,345,179,59,166
