artist_name,artist_id,official_anem,type,gender,country,begin_area,artist_images,artist_popularity,artist_followers,genre_1,genre_2,d_o_b,carrer_debut,live / deceased / disbanded,career end / disband Year
Drake,3TVXtAsR1Inumwj472S9r4,Drake,Person,male,CA,Toronto,https://i.scdn.co/image/ab6761610000e5eb4293385d324db8558179afd9,98,97670260,rap,hip hop,"October 24, 1986",2006,Live,N/A
Taylor Swift,06HL4z0CvFAxyc27GXpf02,Taylor Swift,Person,female,US,West Reading,https://i.scdn.co/image/ab6761610000e5ebe672b5f553298dcdccb0e676,98,135524083,pop,country,"December 13, 1989",2004,Live,N/A
Bad Bunny,4q3ewBCX7sLwd24euuV69X,Bad Bunny,Person,male,PR,San Juan,https://i.scdn.co/image/ab6761610000e5eb81f47f44084e0a09b5f0fa13,100,93750852,reggaeton,trap latino,"March 10, 1994",2013,Live,N/A
Ed Sheeran,6eUKZXaKkcviH0Ku9w2n3V,Ed Sheeran,Person,male,GB,Halifax,https://i.scdn.co/image/ab6761610000e5eb399444ed4eace08b549d1161,89,119952016,soft pop,Folk-pop,"February 17, 1991",2004,Live,N/A
Eminem,7dGJo4pcD2V6oG8kP0tJRR,Eminem,Person,male,US,St. Joseph,https://i.scdn.co/image/ab6761610000e5eba00b11c129b27a88fc72f36b,92,99472724,rap,hip hop,"October 17, 1972",1988,Live,N/A
Ariana Grande,66CXWjxzNUsdJxJ2JdwvnR,Ariana Grande,Person,female,US,Boca Raton,https://i.scdn.co/image/ab6761610000e5eb6725802588d7dc1aba076ca5,95,104776597,pop,N/A,"June 26, 1993",2008,Live,N/A
Travis Scott,0Y5tJX1MQlPlqiwlOH1tJY,Travis Scott,Person,male,US,Houston,https://i.scdn.co/image/ab6761610000e5eb19c2790744c792d05570bb71,94,38044250,rap,N/A,"April 30, 1991",2008,Live,N/A
Kanye West,5K4W6rqBFWDnAN6FQUkS6x,Go West,Person,male,GB,Georgia,https://i.scdn.co/image/ab6761610000e5eb6e835a500e791bf9c27a422a,92,29710114,rap,N/A,"June 8, 1977",1996,Live,N/A
Kendrick Lamar,2YZyLoL8N0Wb9xBt1NhZWg,Kendrick Lamar,Person,male,US,Compton,https://i.scdn.co/image/ab6761610000e5eb39ba6dcd4355c03de0b50918,97,40123018,hip hop,west coast hip hop,"June 17, 1987",2004,Live,N/A
J Balvin,1vyhD5VmyZ7KMfW5gqLgo5,J Balvin,Person,male,CO,Medellín,https://i.scdn.co/image/ab6761610000e5eb4a350b04a3f9bb77a30b004e,89,38158776,reggaeton,latin,"May 7, 1985",2004,Live,N/A
Future,1RyvyyTE3xzB2ZywiAwp0i,Future,Person,male,US,Atlanta,https://i.scdn.co/image/ab6761610000e5eb7565b356bc9d9394eefa2ccb,93,21069776,rap,N/A,"November 20, 1983",2003,Live,N/A
BTS,3Nrfpe0tUJi4K4DXYWgMUX,BTS,Group,male,KR,Seoul,https://i.scdn.co/image/ab6761610000e5ebd642648235ebf3460d2d1f6a,43,132223,k-pop,N/A,"June 13, 2013",2013,Live,N/A
Juice WRLD,4MCBfE4596Uoi2O4DtmEMz,Juice WRLD,Person,male,US,Chicago,https://i.scdn.co/image/ab6761610000e5eb23a60030944f7853c21565ef,89,39622095,melodic rap,emo rap,"December 2, 1998",2015,Deceased,2019
Ozuna,1i8SpTcr7yvPOmcqrbnVXY,Ozuna,Person,male,PR,San Juan,https://i.scdn.co/image/ab6761610000e5eb463e10d5f1a533ddd6eb9a04,88,38374177,reggaeton,trap latino,"March 13, 1992",2012,Live,N/A
Chris Brown,7bXgB6jMjp9ATFy66eO08Z,Chris Brown,Person,male,US,Tappahannock,https://i.scdn.co/image/ab6761610000e5eba48397e590a1c70e2cda7728,89,26003565,r&b,N/A,"May 5, 1989",2002,Live,N/A
Dua Lipa,6M2wZ9GZgrQXHCFfjv46we,Dua Lipa,Person,female,GB,London,https://i.scdn.co/image/ab6761610000e5eb0c68f6c95232e716f0abee8d,89,45811005,pop,N/A,"August 22, 1995",2014,Live,N/A
XXXTENTACION,15UsOTVnJzReFVN1VCnxy4,XXXTENTACION,Person,male,US,Plantation,https://i.scdn.co/image/ab6761610000e5ebf0c20db5ef6c6fbe5135d2e4,87,49715418,emo rap,N/A,"January 23, 1998",2013,Deceased,2018
David Guetta,1Cs0zKBU1kc0i8ypK3B9ai,David Guetta,Person,male,FR,Paris,https://i.scdn.co/image/ab6761610000e5ebf150017ca69c8793503c2d4f,90,27029973,edm,dance,"November 7, 1967",1984,Live,N/A
Daddy Yankee,4VMYDCV2IEDYJArk749S6m,Daddy Yankee,Person,male,PR,San Juan,https://i.scdn.co/image/ab6761610000e5eb99a6ccc4aae5ae5404c9eb30,87,36889754,reggaeton,latin,"February 3, 1977",1994,Live,2022
Lil Wayne,55Aa2cqylxrFIXC767Z865,Lil Wayne,Person,male,US,New Orleans,https://i.scdn.co/image/ab6761610000e5ebc1c08e541eae3cc82c6988c4,89,16764160,rap,hip hop,"September 27, 1982",1995,Live,N/A
Anuel AA,2R21vXR83lH98kGeO99Y66,Anuel AA,Person,male,PR,Carolina,https://i.scdn.co/image/ab6761610000e5eba23ceb177745632b517cb7b2,89,41529196,reggaeton,trap latino,"November 26, 1992",2010,Live,N/A
Rauw Alejandro,1mcTU81TzQhprhouKaTkpq,Rauw Alejandro,Person,male,PR,San Juan,https://i.scdn.co/image/ab6761610000e5eb9543120ef9b1e7e5e57c46d5,91,27784277,reggaeton,urbano latino,"January 10, 1993",2014,Live,N/A
SZA,7tYKF4w9nC0nq9CsPZTHyP,SZA,Person,female,US,St. Louis,https://i.scdn.co/image/ab6761610000e5ebfd0a9fb6c252a3ba44079acf,49,607206,r&b,N/A,"November 8, 1989",2012,Live,N/A
Maroon 5,04gDigrS5kc9YWfZHwBETP,Maroon 5,Group,male,US,Los Angeles,https://i.scdn.co/image/ab6761610000e5ebf8349dfb619a7f842242de77,87,44582606,pop,N/A,2001,2001,Live,N/A
KAROL G,790FomKkXshlbRYZFtlgla,KAROL G,Person,female,CO,Medellín,https://i.scdn.co/image/ab6761610000e5eb4b0754aefc9db490e02205ec,89,55998469,reggaeton,latin,"February 14, 1991",2007,Live,N/A
Maluma,1r4hJ1h58CWwUQe3MxPuau,Maluma,Person,male,CO,Medellín,https://i.scdn.co/image/ab6761610000e5eba9bc74fbec09e03f06cddf44,87,36569326,reggaeton,latin,"January 28, 1994",2010,Live,N/A
Calvin Harris,7CajNmpbOovFoOoasH2HaY,Calvin Harris,Person,male,GB,Dumfries,https://i.scdn.co/image/ab6761610000e5eb1e4bcd2bef1896648762dd6b,87,23137389,edm,N/A,"January 17, 1984",2002,Live,N/A
Lil Uzi Vert,4O15NlyKLIASxsJ0PrXPfz,Lil Uzi Vert,Person,non-binary,US,Francisville,https://i.scdn.co/image/ab6761610000e5eba8ce348f34f18241d3249fa9,86,18679423,melodic rap,N/A,"July 31, 1995",2010,Live,N/A
Lady Gaga,1HY2Jd0NmPuamShAr6KMms,Lady Gaga,Person,female,US,Upper East Side,https://i.scdn.co/image/ab6761610000e5ebaadc18cac8d48124357c38e6,94,36581539,art pop,pop,"March 28, 1986",2001,Live,N/A
J. Cole,6l3HvQ5sa6mXTsMTB19rO5,J. K. Rowling,Person,female,GB,Yate,https://i.scdn.co/image/ab6761610000e5eb4b053c29fd4b317ff825f0dc,86,26080618,rap,N/A,"January 28, 1985",2007,Live,N/A
Feid,2LRoIwlKmHjgvigdNGBHNo,Feid,Person,male,CO,Medellín,https://i.scdn.co/image/ab6761610000e5eb5e9905f881de7345f498258e,90,16862345,reggaeton,urbano latino,"August 19, 1992",2015,Live,N/A
Myke Towers,7iK8PXO48WeuP03g8YR51W,Myke Towers,Person,male,PR,Río Piedras,https://i.scdn.co/image/ab6761610000e5eb8372345609bebaf1e948ef7f,89,19551979,reggaeton,trap latino,"January 15, 1994",2013,Live,N/A
Young Thug,50co4Is1HCEo8bhOyUWKpn,Neil Young,Person,male,CA,Toronto,https://i.scdn.co/image/ab6761610000e5eb547d2b41c9f2c97318aad0ed,86,11570163,rap,melodic rap,"August 16, 1991",2011,Live,N/A
Shawn Mendes,7n2wHs1TKAczGzO7Dd2rGr,Shawn Mendes,Person,male,CA,Pickering,https://i.scdn.co/image/ab6761610000e5eb58b4b9419486550f6fda0535,84,44718679,pop,N/A,"August 8, 1998",2013,Live,N/A
Sam Smith,2wY79sveU1sp5g7SokKOiI,Sam Smith,Person,non-binary,GB,London,https://i.scdn.co/image/ab6761610000e5ebc4c97d96c08e4bb7c5f574aa,84,25636651,soft pop,N/A,"May 19, 1992",2012,Live,N/A
Farruko,329e4yvIujISKGKz1BZZbO,Farruko,Person,male,PR,Bayamón,https://i.scdn.co/image/ab6761610000e5eb7d36b670eff30cc4de53f67c,84,16528935,reggaeton,trap latino,"May 2, 1991",2009,Live,N/A
Arijit Singh,4YRxDV8wJFPHPTeXepOstw,Arijit Singh,Person,male,IN,West Bengal,https://i.scdn.co/image/ab6761610000e5eb5ba2d75eb08a2d672f9b69b7,91,142371108,hindi pop,bollywood,"April 25, 1987",2005,Live,N/A
Queen,1dfeR4HaWDbWqFHLkxsg1d,Queen,Group,male,GB,London,https://i.scdn.co/image/b040846ceba13c3e9c125d68389491094e7f2982,85,53533516,classic rock,rock,1970,1970,Live,N/A
Linkin Park,6XyY86QOPPrYVGvF9ch6wz,Linkin Park,Group,N/A,US,Agoura Hills,https://i.scdn.co/image/ab6761610000e5eba49c7eec5131a21a0bfb737b,90,29533126,nu metal,rap metal,1996,1996,Live,N/A
Shakira,0EmeFodog0BfCgMzAIvKQp,Shakira,Person,female,CO,Barranquilla,https://i.scdn.co/image/ab6761610000e5eb2528c726e5ddb90a7197e527,89,37534684,latin pop,N/A,"February 2, 1977",1990,Live,N/A
Adele,4dpARuHxo51G3z768sgnrY,Adele,Person,female,GB,Tottenham,https://i.scdn.co/image/ab6761610000e5eb68f6e5892075d7f22615bd17,15,611,soft pop,N/A,"May 5, 1988",2006,Live,N/A
Selena Gomez,0C8ZW7ezQVs4URX5aX7Kqx,Selena Gomez,Person,female,US,Grand Prairie,https://i.scdn.co/image/ab6761610000e5ebc3c753851496854e29abff7a,88,52307017,pop,N/A,"July 22, 1992",2002,Live,N/A
Peso Pluma,12GqGscKJx3aE4t07u7eVZ,Peso Pluma,Person,male,MX,Zapopan,https://i.scdn.co/image/ab6761610000e5ebe5283f5b671cf618b82a2696,92,20754792,corrido,corridos tumbados,"June 15, 1999",2020,Live,N/A
Arctic Monkeys,7Ln80lUS6He07XvHI8qqHH,Arctic Monkeys,Group,male,GB,High Green,https://i.scdn.co/image/ab6761610000e5eb7da39dea0a72f581535fb11f,88,29722652,indie,garage rock,2002,2002,Live,N/A
Gunna,2hlmm7s2ICUX0LVIhVFlZQ,Gunna,Person,male,US,College Park,https://i.scdn.co/image/ab6761610000e5ebb978b95b8e03351df8e103af,14,1834,melodic rap,N/A,"June 14, 1993",2013,Live,N/A
Katy Perry,6jJ0s89eD6GaHleKKya26X,Katy Perry,Person,female,US,Santa Barbara,https://i.scdn.co/image/ab6761610000e5eb0988562f78810e47a6e3325f,86,36706255,pop,N/A,"October 25, 1984",2001,Live,N/A
Nicky Jam,1SupJlEpv7RS2tPNRaHViT,Pearl Jam,Group,male,US,Seattle,https://i.scdn.co/image/ab6761610000e5ebbd100957e0ad955032de12c8,83,19715744,reggaeton,latin,"March 17, 1981",1995,Live,N/A
Wiz Khalifa,137W8MRPWKqSmrBGDBFSop,Wiz Khalifa,Person,male,US,Minot,https://i.scdn.co/image/ab6761610000e5ebc66b0a8c3268f0b6556f64a8,84,11970180,rap,N/A,"September 8, 1987",2005,Live,N/A
The Beatles,3WrFJ7ztbogyGnTHbHJFl2,The Beatles,Group,male,GB,Liverpool,https://i.scdn.co/image/ab6761610000e5ebe9348cc01ff5d55971b22433,85,29729316,classic rock,psychedelic rock,1960,1960,Disbanded,1970
Morgan Wallen,4oUHIQIBe0LHzYfvXNW4QM,Morgan Wallen,Person,male,US,Sneedville,https://i.scdn.co/image/ab6761610000e5eb4245b1652fcc23f2b76ccd07,91,12304530,country,N/A,"May 13, 1993",2014,Live,N/A
Marshmello,64KEffDW9EtZ1y2vBYgq8T,Marshmello,Person,male,US,Philadelphia,https://i.scdn.co/image/ab6761610000e5eb53ca421f91678c26b4f15512,83,34178738,edm,N/A,"May 19, 1992",2015,Live,N/A
JAY-Z,3nFkdlSjzX9mRTtwJOzDYB,JAY?Z,Person,male,US,Brooklyn,https://i.scdn.co/image/ab6761610000e5ebc75afcd5a9027f60eaebb5e4,85,9973270,hip hop,east coast hip hop,"December 4, 1969",1995,Live,N/A
Playboi Carti,699OTQXzgjhIYAHMy9RyPD,Playboi Carti,Person,male,US,Atlanta,https://i.scdn.co/image/ab6761610000e5ebba50ca67ffc3097f6ea1710a,95,13998630,rage rap,N/A,"September 13, 1996",2011,Live,N/A
A$AP Rocky,13ubrt8QOOCPljQ2FL1Kca,A$AP Rocky,Person,male,US,Harlem,https://i.scdn.co/image/ab6761610000e5eb5c58c41a506a0d6b32cc6cad,86,16333368,rap,N/A,"October 3, 1988",2007,Live,N/A
Pritam,1wRPtKGflJrBx9BmLsSwlU,Pritam,Person,male,IN,India,https://i.scdn.co/image/ab6761610000e5ebcb6926f44f620555ba444fca,89,48672305,bollywood,hindi pop,"June 14, 1971",2001,Live,N/A
Junior H,7Gi6gjaWy3DxyilpF1a8Is,Junior H,Person,male,MX,Guanajuato,https://i.scdn.co/image/ab6761610000e5eb50998d90507d8c1603b2530b,69,1804627,corridos tumbados,corrido,"April 23, 2001",2019,Live,N/A
Avicii,1vCWHaC5f2uS3yhpwWbIA6,Avicii,Person,male,SE,Stockholm,https://i.scdn.co/image/ab6761610000e5ebae07171f989fb39736674113,83,23509903,edm,N/A,"September 8, 1989",2008,Deceased,2018
Snoop Dogg,7hJcb9fa4alzcOq3EaNPoG,Snoop Dogg,Person,male,US,Long Beach,https://i.scdn.co/image/ab6761610000e5ebc19a88576ebe6fcbb325c297,84,14517669,g-funk,west coast hip hop,"October 20, 1971",1992,Live,N/A
Kygo,23fqKkggKUBHNkbKtXEls4,Kygo,Person,male,NO,Singapore,https://i.scdn.co/image/ab6761610000e5ebe5ea1aa1404629c12ad86658,82,8602635,tropical house,N/A,11-09-1991,2013,Live,N/A
OneRepublic,5Pwc4xIPtQLFEnJriah9YJ,OneRepublic,Group,male,US,Colorado Springs,https://i.scdn.co/image/ab6761610000e5eb57138b98e7ddd5a86ee97a9b,84,18142901,soft pop,N/A,2002,2002,Live,N/A
Red Hot Chili Peppers,0L8ExT028jH3ddEcZwqJJ5,Red Hot Chili Peppers,Group,male,US,Los Angeles,https://i.scdn.co/image/ab6761610000e5ebc33cc15260b767ddec982ce8,84,22341125,funk rock,alternative rock,1983,1983,Live,N/A
Sech,77ziqFxp5gaInVrF2lj4ht,Sech,Person,male,PA,Colón,https://i.scdn.co/image/ab6761610000e5eb2ef2187023b7df95a70b4587,80,12082852,reggaeton,urbano latino,03-12-1993,2014,Live,N/A
$uicideboy$,1VPmR4DJC1PlOtd0IADAO0,$uicideboy$,Group,male,US,New Orleans,https://i.scdn.co/image/ab6761610000e5ebb0019debdbe359a73295887f,85,8392560,dark trap,emo rap,2014,2014,Live,N/A
Arcángel,4SsVbpTthjScTS7U2hmr1X,Arca,Person,non-binary,ES,Caracas,https://i.scdn.co/image/ab6761610000e5ebafdf17286a0d7a23ad388587,84,16778371,reggaeton,trap latino,23-12-1985,2004,Live,N/A
Trippie Redd,6Xgp2XMz1fhVYe7i6yNAax,Trippie Redd,Person,male,US,Canton,https://i.scdn.co/image/ab6761610000e5ebf2db81b3312a1f167fc54096,81,10465540,melodic rap,N/A,18-06-1999,2014,Live,N/A
50 Cent,3q7HBObVc0L8jNeTe5Gofh,50 Cent,Person,male,US,South Jamaica,https://i.scdn.co/image/dd031b9c5d1b6eba4a691cd89c954255aae787f2,85,17436411,east coast hip hop,N/A,06-07-1975,1996,Live,N/A
Manuel Turizo,0tmwSHipWxN12fsoLcFU3B,Manuel Turizo,Person,male,CO,Córdoba,https://i.scdn.co/image/ab6761610000e5ebfb87d42d66722931e826d630,83,14916946,reggaeton,latin,12-04-2000,2016,Live,N/A
Lil Peep,2kCcBybjl3SAtIcwdWpUe3,Lil Peep,Person,male,US,Allentown,https://i.scdn.co/image/ab6761610000e5eb3d9d59e200e82fa53d8781a1,84,14536317,emo rap,cloud rap,01-11-1996,2015,Deceased,2017
Charlie Puth,6VuMaDnrHyPL1p4EHjYLi7,Charlie Puth,Person,male,US,Janesville,https://i.scdn.co/image/ab6761610000e5ebd5594e3ae145bbb2c096366d,80,24368068,soft pop,pop,02-12-1991,2011,Live,N/A
Romeo Santos,5lwmRuXgjX8xIwlnauTZIP,Romeo Santos,Person,male,US,The Bronx,https://i.scdn.co/image/ab6761610000e5eb6d8b48abede0f9e433aa6e49,85,24970280,bachata,bachata pop,21-07-1981,1995,Live,N/A
Fuerza Regida,0ys2OFYzWYB5hRDLCsBqxt,Fuerza Regida,Group,N/A,US,California,https://i.scdn.co/image/ab6761610000e5eb7e2545f678354fc859de15f1,91,15037165,corrido,corridos tumbados,2015,2015,Live,N/A
A Boogie Wit da Hoodie,31W5EY0aAly4Qieq6OFu6I,A Boogie Wit da Hoodie,Person,male,US,The Bronx,https://i.scdn.co/image/ab6761610000e5ebebe9d9f649d6ef85497f71af,78,8754073,melodic rap,N/A,06-12-1995,2016,Live,N/A
Natanael Cano,0elWFr7TW8piilVRYJUe4P,Natanael Cano,Person,male,MX,Hermosillo,https://i.scdn.co/image/ab6761610000e5eb7e2078873c8ccd9f968de1cf,88,18778734,corridos tumbados,corrido,27-03-2001,2016,Live,N/A
Pop Smoke,0eDvMgVFoNV3TpwtrVCoTj,Pop Smoke,Person,male,US,Canarsie,https://i.scdn.co/image/ab6761610000e5eb597f9edd2cd1a892d4412b09,79,15128523,brooklyn drill,drill,20-07-1999,2018,Deceased,2020
Metallica,2ye2Wgw4gimLv2eAKyk1NB,Metallica,Group,male,US,Los Angeles,https://i.scdn.co/image/ab6761610000e5eb69ca98dd3083f1082d740e44,84,30398245,metal,thrash metal,1981,1981,Live,N/A
Sebastian Yatra,07YUOmWljBTXwIseAUd9TW,Johann Sebastian Bach,Person,male,DE,Eisenach,https://i.scdn.co/image/ab6761610000e5ebd9f57893af7942163cdaeaf3,81,23817592,colombian pop,reggaeton,15-10-1994,2013,Live,N/A
Luke Combs,718COspgdWOnwOFpJHRZHS,Luke Combs,Person,male,US,Charlotte,https://i.scdn.co/image/ab6761610000e5ebbd634295d99c61823c517c3f,86,12532571,country,N/A,02-03-1990,2014,Live,N/A
JHAYCO,6nVcHLIgY5pE2YCl8ubca1,Jhayco,Person,male,PR,Las Piedras,https://i.scdn.co/image/ab6761610000e5ebcc45cb8a69f59976e2895b8c,83,8648016,reggaeton,trap latino,09-04-1993,2011,Live,N/A
BLACKPINK,41MozSoPIsD1dJM0CLPjZF,BLACKPINK,Group,female,KR,Seoul,https://i.scdn.co/image/ab6761610000e5ebc9690bc711d04b3d4fd4b87c,80,53498943,k-pop,N/A,2016,2016,Live,N/A
Migos,6oMuImdp5ZcFhWP0ESe6mG,Migos,Group,male,US,Lawrenceville,https://i.scdn.co/image/ab6761610000e5ebf4593f7b778219838d858c34,77,14377277,trap,N/A,2008,2008,Disbanded,2022
Daft Punk,4tZwfgrHOc3mvqYlEYSvVi,Daft Punk,Group,Daft Punk,FR,Paris,https://i.scdn.co/image/ab6761610000e5ebdc93bb227980211b325b9d70,82,10580399,french house,electronic,1993,1993,Disbanded,2021
Sean Paul,3Isy6kedDrgPYoTS1dazA9,Sean Paul,Person,male,JM,Kingston,https://i.scdn.co/image/ab6761610000e5eb60c3e9abe7327c0097738f22,83,5094318,dancehall,N/A,09-01-1973,1994,Live,N/A
Don Omar,33ScadVnbm2X8kkUqOkC6Z,Don Omar,Person,male,PR,San Juan,https://i.scdn.co/image/ab6761610000e5ebc9154bd840cd45e769c4e480,85,14371443,reggaeton,urbano latino,10-02-1978,1996,Live,N/A
USHER,23zg3TcAtWQy7J6upgbUnj,Usher,Person,male,US,Dallas,https://i.scdn.co/image/ab6761610000e5eb716114797a4a644c67c5fa72,83,13068267,r&b,N/A,14-10-1978,1993,Live,N/A
Zach Bryan,40ZNYROS4zLfyyBSs2PGe2,Bryan Adams,Person,male,CA,Kingston,https://i.scdn.co/image/ab6761610000e5eb4fd54df35bfcfa0fc9fc2da7,88,6424360,country,red dirt,02-04-1996,2019,Live,N/A
AC/DC,711MCceyCBcFnzjGY4Q7Un,AC/DC,Group,male,AU,Sydney,https://i.scdn.co/image/ab6761610000e5ebc4c77549095c86acb4e77b37,83,30945008,rock,hard rock,1973,1973,Live,N/A
Henrique & Juliano,3p7PcrEHaaKLJnPUGOtRlT,Henrique & Juliano,Group,male,BR,Tocantins,https://i.scdn.co/image/ab6761610000e5eb4dcd8a3bff84cd7703892cf4,87,26599298,sertanejo,sertanejo universitário,2011,2011,Live,N/A
Diplo,5fMUXHkw8R8eOP2RNVYEZX,Diplo,Person,male,US,Tupelo,https://i.scdn.co/image/ab6761610000e5ebdf01727aa674ddefa777797a,79,2768926,moombahton,N/A,10-11-1978,1997,Live,N/A
Luis Miguel,2nszmSgqreHSdJA3zWPyrW,Luis Miguel,Person,male,MX,San Juan,https://i.scdn.co/image/ab6761610000e5eb6481401e529e475116702a29,83,18876999,mariachi,bolero,19-04-1970,1981,Live,N/A
James Arthur,4IWBUUAFIplrNtaOHcJPRM,Sir Arthur Conan Doyle,Person,male,GB,Edinburgh,https://i.scdn.co/image/ab6761610000e5eb5a55e66595e80fb12dc5f5fa,82,19985722,soft pop,N/A,02-03-1988,2012,Live,N/A
Justin Quiles,14zUHaJZo1mnYtn6IBRaRP,Justin Quiles,Person,male,PR,Bridgeport,https://i.scdn.co/image/ab6761610000e5ebbeba3686f2081e55ccea59e8,78,4868871,reggaeton,N/A,29-03-1990,2010,Live,N/A
Bizarrap,716NhGYqD1jl2wI1Qkgq36,Bizarrap,Person,male,AR,Argentina,https://i.scdn.co/image/ab6761610000e5eb14add0d3419426b84158b913,81,17713367,argentine trap,trap latino,29-08-1998,2017,Live,N/A
Marília Mendonça,1yR65psqiazQpeM79CcGh8,Lia,Person,female,JP,Tokyo,https://i.scdn.co/image/ab6761610000e5ebffaebdbc972967729f688e25,80,36755290,sertanejo,sertanejo universitário,22-07-1995,2014,Deceased,2021
Duki,1bAftSH8umNcGZ0uyV7LMg,Duki,Person,male,AR,Buenos Aires,https://i.scdn.co/image/ab6761610000e5eb0f682e8d99b232d621a25c3b,30,1181,argentine trap,trap,24-06-1996,2016,Live,N/A
Gucci Mane,13y7CgLHjMVRMDqxdx0Xdo,Gucci Mane,Person,male,US,Bessemer,https://i.scdn.co/image/ab6761610000e5ebb9b77f64bd278ffde2c94428,78,5849710,southern hip hop,rap,12-02-1980,2001,Live,N/A
Lil Durk,3hcs9uc56yIGFCSy9leWe7,Lil Durk,Person,male,US,Chicago,https://i.scdn.co/image/ab6761610000e5eb09791422702c3fa9780468d4,83,8817337,drill,N/A,19-10-1992,2011,Live,N/A
Nirvana,6olE6TJLqED3rqDCT0FyPh,Nirvana,Group,N/A,US,Aberdeen,https://i.scdn.co/image/84282c28d851a700132356381fcfbadc67ff498b,84,21894281,grunge,rock,1987,1987,Disbanded,1994
2 Chainz,17lzZA2AlOHwCwFALHttmp,2 Chainz,Person,male,US,College Park,https://i.scdn.co/image/ab6761610000e5ebf556662d187b9191c421be1c,78,8221532,southern hip hop,rap,"September 12, 1977",1997,Live,N/A
Panic! At The Disco,20JZFwl6HVl6yg8a4H3ZqK,Panic! at the Disco,Group,N/A,US,Las Vegas,https://i.scdn.co/image/ab6761610000e5ebb256ae9a4b82bfff97776ae2,78,12578282,emo,N/A,2004,2004,Disbanded,2023
Britney Spears,26dSoYclwsYLMAKD3tpOr4,Britney Spears,Person,female,US,McComb,https://i.scdn.co/image/ab6761610000e5eb26e59b825251b7df20a7b65e,83,16505502,pop,N/A,"December 2, 1981",1998,Live,N/A
Carin Leon,66ihevNkSYNzRAl44dx6jJ,Carin León,Person,male,MX,Hermosillo,https://i.scdn.co/image/ab6761610000e5eb374620b17c4a16d8c99f2369,86,15603539,banda,norteño,"July 26, 1989",2004,Live,N/A
Fall Out Boy,4UXqAaa6dQYAk18Lv7PEgX,Fall Out Boy,Group,N/A,US,Wilmette,https://i.scdn.co/image/ab6761610000e5eb362011ebe6064c38e97e9aac,80,11222161,emo,pop punk,2001,2001,Live,N/A
Roddy Ricch,757aE44tKEUQEqRuT6GnEB,Roddy Ricch,Person,male,US,Compton,https://i.scdn.co/image/ab6761610000e5eb88d7900663b237167c4be332,78,11355136,melodic rap,N/A,"October 22, 1998",2017,Live,N/A
Green Day,7oPftvlwr6VrsViSDV7fJY,Green Day,Group,N/A,US,Berkeley,https://i.scdn.co/image/ab6761610000e5eb6ff0cd5ef2ecf733804984bb,82,16447447,punk,pop punk,1987,1987,Live,N/A
Lenny Tavárez,1pQWsZQehhS4wavwh7Fnxd,Lenny Kravitz,Person,male,US,Manhattan,https://i.scdn.co/image/ab6761610000e5eb3afda6e209cde491e2ec3ace,79,3297621,reggaeton,urbano latino,"May 19, 1987",2008,Live,N/A
Fleetwood Mac,08GQAI4eElDnROBrJRGE0X,Fleetwood Mac,Group,N/A,GB,London,https://i.scdn.co/image/ab6761610000e5ebc8752dd511cda8c31e9daee8,83,12964456,classic rock,soft rock,1967,1967,Live,N/A
Martin Garrix,60d24wfXkVzDSfLS6hyCjZ,Martin Garrix,Person,male,NL,Amstelveen,https://i.scdn.co/image/ab6761610000e5ebf5b8ee60f1f4ee3453aba40b,77,15185188,edm,electronica,"May 14, 1996",2012,Live,N/A
NF,6fOMl44jA4Sp5b9PpYCkzz,NF,Person,male,US,Gladwin,https://i.scdn.co/image/ab6761610000e5eb1cf142a710a2f3d9b7a62da1,31,5637,christian hip hop,N/A,"March 30, 1991",2010,Live,N/A
Lewis Capaldi,4GNC7GD6oZMSxPGyXy4MNB,Lewis Capaldi,Person,male,GB,Glasgow,https://i.scdn.co/image/ab6761610000e5ebea7538654040e553a7b0fc28,79,13390261,soft pop,N/A,"October 7, 1996",2017,Live,N/A
Major Lazer,738wLrAtLtCtFOLvQBXOXp,Major Lazer,Group,N/A,JM,Los Angeles,https://i.scdn.co/image/ab6761610000e5eb133f44ab343b35c715a4ac97,77,6273756,moombahton,N/A,2008,2008,Live,N/A
Bob Marley & The Wailers,2QsynagSdAqZj3U9HgDzjD,Bob Marley & The Wailers,Group,N/A,JM,Kingston,https://i.scdn.co/image/b5aae2067db80f694a980e596e7f49618c1206c9,82,13096119,reggae,roots reggae,1963,1963,Disbanded,1981
Camilo,28gNT5KBp7IjEOQoevXf9N,Camilo Sesto,Person,male,ES,Alcoi,https://i.scdn.co/image/ab6761610000e5eb78ddf8650571ab64e34d35d0,83,20023542,colombian pop,N/A,"March 16, 1994",2008,Live,N/A
Wisin,1wZtkThiXbVNtj6hee6dz9,Wisin,Person,male,PR,Cayey,https://i.scdn.co/image/ab6761610000e5ebb5496c4b788e181679069ee8,81,8390539,reggaeton,urbano latino,"December 19, 1978",1998,Live,N/A
Bryson Tiller,2EMAnMvWE2eb56ToJVfCWs,Bryson Tiller,Person,male,US,Louisville,https://i.scdn.co/image/ab6761610000e5eb078fdd734b7f0aa782328428,82,9867576,r&b,N/A,"January 2, 1993",2011,Live,N/A
Morat,5C4PDR4LnhZTbVnKWXuDKD,Morat,Group,N/A,CO,Bogotá,https://i.scdn.co/image/ab6761610000e5eb300488e7d301023f9d92d6cc,83,13100952,colombian pop,latin pop,2015,2015,Live,N/A
ROSALÍA,7ltDVBr6mKbRvohxheJ9h1,a?ha,Group,N/A,NO,Oslo,https://i.scdn.co/image/ab6761610000e5ebd7bb678bef6d2f26110cae49,78,8468134,latin,N/A,"September 25, 1992",2013,Live,N/A
Jorge & Mateus,1elUiq4X7pxej6FRlrEzjM,Jorge & Mateus,Group,N/A,BR,Goiás,https://i.scdn.co/image/ab6761610000e5eb77937baabc49dea13c17c706,83,22192744,sertanejo,sertanejo universitário,2005,2005,Live,N/A
2Pac,1ZwdS5xdxEREPySFridCfh,2Pac,Person,male,US,East Harlem,https://i.scdn.co/image/ab6761610000e5eb7f5cc432c9c109248ebec1ac,82,21170841,gangster rap,west coast hip hop,"June 16, 1971",1989,Deceased,1996
John Mayer,0hEurMDQu99nJRq8pTxO14,John Mayer,Person,male,US,Bridgeport,https://i.scdn.co/image/ab6761610000e5ebe926dd683e1700a6d65bd835,78,6164209,singer-songwriter,N/A,"October 16, 1977",1998,Live,N/A
Becky G,4obzFoKoKRHIphyHzJ35G3,Zero?G,Group,N/A,GB,England,https://i.scdn.co/image/ab6761610000e5eb689f28b643fd40a523e00a96,77,16161537,reggaeton,latin,"March 2, 1997",2011,Live,N/A
Christian Nodal,0XwVARXT135rw8lyw1EeWP,Christian Nodal,Person,male,MX,Sonora,https://i.scdn.co/image/ab6761610000e5ebcd709de0ebdee2a6dfebb73c,81,15750002,banda,ranchera,"January 11, 1999",2016,Live,N/A
Dr. Dre,6DPYiyq5kWVQS4RGwxzPC7,Dr. Dre,Person,male,US,Compton,https://i.scdn.co/image/83d2489cade1dadcdc533ddbcd74993d0ca6d4cb,83,9498,g-funk,gangster rap,"February 18, 1965",1985,Live,N/A
Radiohead,4Z8W4fKeB5YxbusRsdQVPb,Radiohead,Group,N/A,GB,Abingdon-on-Thames,https://i.scdn.co/image/ab6761610000e5eba03696716c9ee605006047fd,86,11870589,art rock,alternative rock,1985,1985,Live,N/A
Robin Schulz,3t5xRXzsuZmMDkQzgOX35S,Robin Schulz,Person,male,DE,Osnabrück,https://i.scdn.co/image/ab6761610000e5eb869ddcc058c5ff2a459ad8d5,79,3207829,tropical house,N/A,"April 28, 1987",2014,Live,N/A
Mariah Carey,4iHNK0tOyZPYnBU7nGAgpQ,Mariah Carey,Person,female,US,Huntington,https://i.scdn.co/image/ab6761610000e5eb35c3eff5d73f7e20ba3c9a2e,79,11289296,christmas,N/A,"March 27, 1969",1990,Live,N/A
Michael Bublé,1GxkXlMwML1oSg5eLPiAz3,Michael Jackson,Person,male,US,Gary,https://i.scdn.co/image/ab6761610000e5ebecf79fd5be85dabb0f489107,75,6782175,christmas,N/A,"September 9, 1975",1996,Live,N/A
Guns N' Roses,3qm84nBOXUEQ2vnTfUTTFC,Guns N’ Roses,Group,N/A,US,Los Angeles,https://i.scdn.co/image/ab6761610000e5eb50defaf9fc059a1efc541f4c,82,33544910,rock,glam metal,1985,1985,Live,N/A
Miguel,360IAlyVv4PCEVjgyMZrxK,Miguel Bosé,Person,male,ES,Ciudad de Panamá,https://i.scdn.co/image/ab6761610000e5eb35e36c368fdcd26aba296bd1,83,5764534,r&b,N/A,"October 23, 1985",2000,Live,N/A
Zion & Lennox,21451j1KhjAiaYKflxBjr1,Zion & Lennox,Group,N/A,PR,Carolina,https://i.scdn.co/image/ab6761610000e5ebfa844599a8631cca451a93e5,77,8026644,reggaeton,latin,2001,2001,Live,N/A
Pink Floyd,0k17h0D3J5VfsdmQ1iZtE9,Pink Floyd,Group,male,GB,London,https://i.scdn.co/image/e69f71e2be4b67b82af90fb8e9d805715e0684fa,82,21841374,progressive rock,psychedelic rock,1965,1965,Disbanded,2014
Yandel,0eHQ9o50hj6ZDNBt6Ys1sD,Yandel,Person,male,US,Puerto Rico,https://i.scdn.co/image/ab6761610000e5eb1adea6f6f90becba9cd387e2,81,8390539,reggaeton,urbano latino,"January 14, 1977",1998,Live,N/A
Banda MS de Sergio Lizárraga,2C6i0I5RiGzDKN9IAF8reh,Banda Sinaloense MS de Sergio Lizárraga,Group,N/A,MX,Mazatlan,https://i.scdn.co/image/ab6761610000e5ebf49a3377cacbeb4fc157949d,80,18669652,banda,norteño,2003,2003,Live,N/A
Anirudh Ravichander,4zCH9qm4R2DADamUHMCa6O,Anirudh Ravichander,Person,male,IN,Chennai,https://i.scdn.co/image/ab6761610000e5eb0f0be2054fe9594026a6b843,84,37956068,tamil pop,kollywood,"October 16, 1990",2011,Live,N/A
The Rolling Stones,22bE4uQ6baNwSHPVcDxLCe,The Rolling Stones,Group,N/A,GB,London,https://i.scdn.co/image/ab6761610000e5ebe4cea917b68726aadb4854b8,80,15160629,classic rock,rock,1962,1962,Live,N/A
Enrique Iglesias,7qG3b048QCHVRO5Pv1T5lw,Enrique Iglesias,Person,male,ES,Madrid,https://i.scdn.co/image/ab6761610000e5eb4fa1405802a42c665b0f2dd1,80,11593749,latin pop,latin,"May 8, 1975",1995,Live,N/A
John Legend,5y2Xq6xcjJb2jVM54GHK3t,John Legend,Person,male,US,Springfield,https://i.scdn.co/image/ab6761610000e5eb01784e44ffd1a339350f4417,77,7633902,soft pop,neo soul,"December 28, 1978",2004,Live,N/A
Jul,1bfl0AU8SqmLkElptOprhC,Jul,Person,male,FR,Marseille,https://i.scdn.co/image/ab6761610000e5eb47953d3ea5b643699c9b298a,56,169699,banda,norteño,"January 14, 1990",2013,Live,N/A
Rels B,2IMZYfNi21MGqxopj9fWx8,Rels B,Person,male,ES,Palma,https://i.scdn.co/image/ab6761610000e5eb535e229baad7f32f48c0c470,83,9291361,urbano latino,trap latino,"October 18, 1993",2014,Live,N/A
Brent Faiyaz,3tlXnStJ1fFhdScmQeLpuG,Brent Faiyaz,Person,male,US,Columbia,https://i.scdn.co/image/ab6761610000e5ebe187dca750abfd3688836309,84,7321666,r&b,N/A,"September 19, 1995",2014,Live,N/A
Stray Kids,2dIgFjalVxs4ThymZ67YCE,Stray Kids,Group,N/A,KR,Seoul,https://i.scdn.co/image/ab6761610000e5ebdbe356bad5c3576e77dbf36f,86,18732320,k-pop,N/A,2017,2018,Live,N/A
Lil Tjay,6jGMq4yGs7aQzuGsMgVgZR,Lil Tjay,Person,male,US,The Bronx,https://i.scdn.co/image/ab6761610000e5eb61a229ac35bdd68d42bffe32,78,9682517,brooklyn drill,melodic rap,"April 30, 2001",2017,Live,N/A
Charli xcx,25uiPmTg16RbhZWAqwLBy5,Charli xcx,Person,female,GB,Cambridge,https://i.scdn.co/image/ab6761610000e5eb936885667ef44c306483c838,85,5251275,hyperpop,art pop,"August 2, 1992",2008,Live,N/A
PARTYNEXTDOOR,2HPaUgqeutzr3jx5a9WyDV,PARTYNEXTDOOR,Person,male,CA,Mississauga,https://i.scdn.co/image/ab6761610000e5eb957320981e31e862bc2fb844,88,8806067,r&b,N/A,"July 3, 1993",2013,Live,N/A
Quevedo,52iwsT98xCoGgiGntTiR7K,Quevedo,Person,male,ES,Madrid,https://i.scdn.co/image/ab6761610000e5eb9fabcfc29eafa94841a28a9b,84,5797509,reggaeton,N/A,"December 7, 2001",2020,Live,N/A
Creedence Clearwater Revival,3IYUhFvPQItj6xySrBmZkd,Creedence Clearwater Revival,Group,N/A,US,El Cerrito,https://i.scdn.co/image/ab6761610000e5ebd2e2b04b7ba5d60b72f54506,80,7503613,classic rock,southern rock,1967,1967,Disbanded,1972
Gusttavo Lima,7MiDcPa6UiV3In7lIM71IN,Gusttavo Lima,Person,male,BR,Minas Gerais,https://i.scdn.co/image/ab6761610000e5ebb31627900ceda1d73a64172b,80,22703447,sertanejo,sertanejo universitário,"September 3, 1989",1999,Live,N/A
Reik,0vR2qb8m9WHeZ5ByCbimq2,Reik,Group,N/A,MX,Mexicali,https://i.scdn.co/image/ab6761610000e5ebf87c48cbd2ebcb0a66ce8ae1,26,1601,latin pop,N/A,2003,2003,Live,N/A
Frank Sinatra,1Mxqyy3pSjf8kZZL4QVxS0,Frank Sinatra,Person,male,US,Hoboken,https://i.scdn.co/image/fc4e0f474fb4c4cb83617aa884dc9fd9822d4411,78,7963829,christmas,big band,"December 12, 1915",1935,Deceased,1995
Zedd,2qxJFvFYMEDqd7ui6kSAcq,Zedd,Person,male,DE,Saratov,https://i.scdn.co/image/ab6761610000e5ebe28762aed82cde1178fb3873,76,6065257,edm,N/A,"September 2, 1989",2002,Live,N/A
Skrillex,5he5w2lnU9x7JFhnwcekXX,Skrillex,Person,male,US,Los Angeles,https://i.scdn.co/image/ab6761610000e5ebe32002317387b6d659308a94,81,7737907,dubstep,edm,"January 15, 1988",2004,Live,N/A
Rick Ross,1sBkRIssrMs1AbVkOJbc7a,Rick Ross,Person,male,US,Clarksdale,https://i.scdn.co/image/ab6761610000e5eb8196a8109c28a8b8aca28fae,78,7541776,southern hip hop,N/A,"January 28, 1976",2000,Live,N/A
Wisin & Yandel,1wZtkThiXbVNtj6hee6dz9,Wisin & Yandel,Group,N/A,US,Puerto Rico,https://i.scdn.co/image/ab6761610000e5ebb5496c4b788e181679069ee8,81,8390539,reggaeton,urbano latino,1998,1998,Disbanded,2013
Shreya Ghoshal,0oOet2f43PA68X5RxKobEy,Shreya Ghoshal,Person,female,IN,Murshidabad,https://i.scdn.co/image/ab6761610000e5eb59303d54ce789210e745e1a9,85,29387865,bollywood,hindi pop,"March 12, 1984",2002,Live,N/A
System Of A Down,5eAWCfyUhZtHHtBdNk56l1,System of a Down,Group,N/A,US,Glendale,https://i.scdn.co/image/ab6761610000e5eb60063d3451ade8f9fab397c2,83,12676971,nu metal,metal,1994,1994,Live,N/A
Tame Impala,5INjqkS1o8h1imAzPqGZBb,Tame Impala,Person,male,AU,Sydney,https://i.scdn.co/image/ab6761610000e5eb90357ef28b3a012a1d1b2fa2,82,8759983,indie,psychedelic pop,2007,2007,Live,N/A
Elvis Presley,43ZHCT0cAZBISjO8DG9PnE,Elvis Presley,Person,male,US,Tupelo,https://i.scdn.co/image/ab6761610000e5eb9a93e273380982dff84c0d7c,79,10501727,rockabilly,rock and roll,"January 8, 1935",1954,Deceased,1977
Alicia Keys,3DiDSECUqqY1AuBP8qtaIa,Alicia Keys,Person,female,US,Manhattan,https://i.scdn.co/image/ab6761610000e5ebebfd16a3bca87c31c1e20576,80,12513007,r&b,neo soul,"January 25, 1981",1996,Live,N/A
Mora,0Q8NcsJwoCbZOHHW63su5S,Mora Träsk,Group,N/A,SE,Gävle,https://i.scdn.co/image/ab6761610000e5ebc8f6d4d6eb8e7dd5206bd5f4,9,3,urbano latino,reggaeton,"December 18, 1992",2017,Live,N/A
Grupo Frontera,6XkjpgcEsYab502Vr1bBeW,Grupo Frontera,Group,N/A,US,McAllen,https://i.scdn.co/image/ab6761610000e5eb3f244d61f287932d5c958fea,86,6300541,cumbia norteña,banda,2019,2019,Live,N/A
TWICE,7n2Ycct7Beij7Dj7meI4X0,TWICE,Group,N/A,KR,Seoul,https://i.scdn.co/image/ab6761610000e5ebca6c145421fa9ceb58d6f9d4,79,21672453,k-pop,N/A,2015,2015,Live,N/A
Eladio Carrion,5XJDexmWFLWOkjOEjOVX3e,Eladio Carrión,Person,male,PR,Kansas City,https://i.scdn.co/image/ab6761610000e5eb78a3800c3ef6e6e5f5cfc9a2,84,8596447,trap latino,urbano latino,"November 14, 1994",2015,Live,N/A
Meek Mill,20sxb77xiYeusSH8cVdatc,Meek Mill,Person,male,US,Philadelphia,https://i.scdn.co/image/ab6761610000e5ebc14756c27212bdea80f6cfac,76,8147058,rap,N/A,"May 6, 1987",2003,Live,N/A
Luis R Conriquez,0pePYDrJGk8gqMRbXrLJC8,Luis R. Conriquez,Person,male,MX,Sonora,https://i.scdn.co/image/ab6761610000e5eb6fca2f2fcfaf068fd37027d1,85,7851114,corrido,corridos bélicos,"March 3, 1996",2018,Live,N/A
Darell,1TtXnWcUs0FCkaZDPGYHdf,Darell,Person,male,US,Puerto Rico,https://i.scdn.co/image/ab6761610000e5eb594bb04c77f6c06c5b4cf1f3,77,4652843,reggaeton,trap latino,"January 5, 1990",2010,Live,N/A
Bryant Myers,6w9ToX5slZ4uIdmD17hJ3c,Nicola Bryant,Person,female,GB,Guildford,https://i.scdn.co/image/ab6761610000e5eb27e96bc9bbb0c28566c5d788,84,12461425,trap latino,reggaeton,"April 5, 1998",2015,Live,N/A
Ñengo Flow,12vb80Km0Ew53ABfJOepVz,FLOW,Group,N/A,JP,San Juan,https://i.scdn.co/image/ab6761610000e5ebda3f48cf2309aacaab0edce2,81,6897281,reggaeton,trap latino,"October 15, 1981",2004,Live,N/A
Grupo Firme,1dKdetem2xEmjgvyymzytS,Grupo Firme,Group,N/A,MX,Tijuana,https://i.scdn.co/image/ab6761610000e5eb8d96f038e5ae16ba72809034,80,14554955,banda,corrido,2014,2014,Live,N/A
Ninho,6Te49r3A6f5BiIgBRxH7FH,Ninho,Person,male,FR,Yerres,https://i.scdn.co/image/ab6761610000e5eb791b1ecfe6f3101115430fb5,81,11191769,pop urbaine,N/A,"April 2, 1996",2014,Live,N/A
Lil Tecca,4Ga1P7PMIsmqEZqhYZQgDo,Lil Tecca,Person,male,US,Queens,https://i.scdn.co/image/ab6761610000e5ebeeba43c460454fcababda14f,84,9145026,melodic rap,rap,"August 26, 2002",2017,Live,N/A
The Notorious B.I.G.,5me0Irg2ANcsgc93uaYrpb,The Notorious B.I.G.,Person,male,US,Clinton Hill,https://i.scdn.co/image/1b4858fbd24046a81cace5ee18d19c868262b91f,79,11931149,gangster rap,east coast hip hop,"May 21, 1972",1992,Deceased,1997
blink-182,6FBDaR13swtiWwGhX1WQsP,blink?182,Group,N/A,US,Poway,https://i.scdn.co/image/ab6761610000e5eb5da36f8b98dd965336a1507a,79,8942798,pop punk,punk,1992,1992,Live,N/A
A.R. Rahman,1mYsTxnqsietFxj1OgoGbG,A. R. Rahman,Person,male,IN,Chennai,https://i.scdn.co/image/ab6761610000e5ebb19af0ea736c6228d6eb539c,82,61814075,tamil pop,kollywood,"January 6, 1967",1992,Live,N/A
Cigarettes After Sex,1QAJqy2dA3ihHBFIHRphZj,Cigarettes After Sex,Group,N/A,US,El Paso,https://i.scdn.co/image/ab6761610000e5eb0e871e0389b9722cc12a4118,86,15392717,dream pop,N/A,2008,2008,Live,N/A
U2,51Blml2LZPmy7TTiAg47vQ,U2,Group,N/A,IE,Dublin,https://i.scdn.co/image/ab6761610000e5ebe62be215d2ee31bcd97edaba,25,1080,rock,N/A,1976,1976,Live,N/A
Foo Fighters,7jy3rLJdDQY21OgRLCZ9sD,Foo Fighters,Group,N/A,US,Seattle,https://i.scdn.co/image/ab6761610000e5ebc884df599abc793c116cdf15,78,12519566,rock,post-grunge,1994,1994,Live,N/A
Jhené Aiko,5ZS223C6JyBfXasXxrRqOk,aiko,Person,female,JP,Suita,https://i.scdn.co/image/ab6761610000e5ebbc7ca5ae34cffbb572660ee3,81,9106142,r&b,N/A,"March 16, 1988",2002,Live,N/A
David Bowie,0oSGxfWSnnOXhD2fKuz2Gy,David Bowie,Person,male,GB,Brixton,https://i.scdn.co/image/ab6761610000e5ebb78f77c5583ae99472dd4a49,78,11315528,glam rock,art rock,"January 8, 1947",1962,Deceased,2016
Florida Georgia Line,3b8QkneNDz4JHKKKlLgYZg,Florida Georgia Line,Group,N/A,US,Nashville,https://i.scdn.co/image/ab6761610000e5ebaa2d9bd207a62adc3edf6631,74,5525163,country,pop country,2010,2010,Disbanded,2022
Rammstein,6wWVKhxIU2cEi0K81v7HvP,Rammstein,Group,N/A,DE,Berlin,https://i.scdn.co/image/ab6761610000e5eb32845b1556f9dbdfe8ee6575,81,11145343,industrial metal,metal,1994,1994,Live,N/A
Summer Walker,57LYzLEk2LcFghVwuWbcuS,Donna Summer,Person,female,US,Boston,https://i.scdn.co/image/ab6761610000e5ebe0ff24e6eb6e1c0214f158b6,80,7539839,r&b,N/A,"April 11, 1996",2018,Live,N/A
Slipknot,05fG473iIaoy82BF1aGhL8,Slipknot,Group,N/A,US,Des Moines,https://i.scdn.co/image/ab6761610000e5ebd0cdb283a7384a0edb665182,81,13036341,nu metal,metal,1995,1995,Live,N/A
Chencho Corleone,37230BxxYs9ksS7OkZw3IU,Chencho Corleone,Person,male,PR,Bayamón,https://i.scdn.co/image/ab6761610000e5eb7ab9ab65a8d38cad451d3417,78,1644926,reggaeton,N/A,"February 19, 1979",2000,Live,N/A
The Killers,0C0XlULifJtAgn6ZNCW2eu,The Beatles,Group,N/A,GB,Liverpool,https://i.scdn.co/image/ab6761610000e5eb207b21f3ed0ee96adce3166a,79,7772975,alternative rock,N/A,2001,2001,Live,N/A
Paramore,74XFHRwlV6OrjEM0A2NCMF,Paramore,Group,N/A,US,Franklin,https://i.scdn.co/image/ab6761610000e5ebb10c34546a4ca2d7faeb8865,82,9308244,pop punk,emo,2004,2004,Live,N/A
Tainy,0GM7qgcRCORpGnfcN2tCiB,Tainy,Person,male,PR,San Juan,https://i.scdn.co/image/ab6761610000e5ebb50d43598b9074f0d6146127,79,2722264,reggaeton,N/A,"August 9, 1989",2005,Live,N/A
Dalex,0KPX4Ucy9dk82uj4GpKesn,Dalex,Person,male,PR,Philadelphia,https://i.scdn.co/image/ab6761610000e5ebff284180f08000247df12e2c,76,5051139,reggaeton,N/A,"October 7, 1990",2015,Live,N/A
De La Ghetto,3EiLUeyEcA6fbRPSHkG5kb,De La Ghetto,Person,male,US,New York City,https://i.scdn.co/image/ab6761610000e5eb43c642682f3fa9985d836318,79,7603803,reggaeton,trap latino,"September 17, 1984",2004,Live,N/A
Maria Becerra,1DxLCyH42yaHKGK3cl5bvG,María Becerra,Person,female,AR,Quilmes,https://i.scdn.co/image/ab6761610000e5eb3ca185586e5b3d8b5ecffce5,79,7682702,argentine trap,N/A,"February 12, 2000",2015,Live,N/A
Luis Fonsi,4V8Sr092TqfHkfAA5fXXqG,Luis Fonsi,Person,male,PR,San Juan,https://i.scdn.co/image/ab6761610000e5eb2620d7e19f51d9c4b7e853ce,76,10813394,latin,N/A,"April 15, 1978",1998,Live,N/A
Bon Jovi,58lV9VcRSjABbAbfWS6skp,Bon Jovi,Group,N/A,US,Sayreville,https://i.scdn.co/image/ab6761610000e5eb52aade0d2ea19706074da4b9,80,14925642,glam metal,rock,1983,1983,Live,N/A
Alok,0NGAZxHanS9e0iNHpR8f2W,Alok,Person,male,BR,Goiânia,https://i.scdn.co/image/ab6761610000e5ebf7d1bdca65e1cefd4e60c379,15,272,brazilian bass,electronic,"August 26, 1991",2004,Live,N/A
Zé Neto & Cristiano,487N2T9nIPEHrlTZLL3SQs,Zé Neto & Cristiano,Group,N/A,BR,São José do Rio Preto,https://i.scdn.co/image/ab6761610000e5eb7098ffe23a919f7742979c6e,78,21545616,sertanejo,sertanejo universitário,2011,2011,Live,N/A
YG,0A0FS04o6zMoto8OKPsDwY,YG,Person,male,US,Compton,https://i.scdn.co/image/ab6761610000e5eb29831a7ff6177ec357478850,56,169699,hyphy,N/A,"March 9, 1990",2007,Live,N/A
The Weeknd,1Xyo4u8uXC1ZmMpatF05PJ,The Weeknd,Person,male,CA,Scarborough,https://i.scdn.co/image/ab6761610000e5eb9e528993a2820267b97f6aae,97,103059943,R&B,Pop,"February 16, 1990",2010,Live,N/A
Justin Bieber,1uNFoZAHBGtllmzznpCI3s,Justin Bieber,Person,male,CA,London,https://i.scdn.co/image/ab6761610000e5eb8ae7f2aaa9817a704a87ea36,91,81770719,Pop,R&B,"March 1, 1994",2008,Live,N/A
Rihanna,5pKCCKE2ajJHZ9KAiaK11H,Rihanna,Person,female,US,Saint Michael,https://i.scdn.co/image/ab6761610000e5eb99e4fca7c0b7cb166d915789,92,66458040,Dance-pop,R&B,"February 20, 1988",2005,Live,N/A
Post Malone,246dkjvS1zLTtiykXe5h60,Post Malone,Person,male,US,Syracuse,https://i.scdn.co/image/ab6761610000e5ebe17c0aa1714a03d62b5ce4e0,89,46818923,Hip-hop,Pop,"July 4, 1995",2015,Live,N/A
Billie Eilish,6qqNVTkY8uBg9cP3Jd7DAH,Billie Eilish,Person,female,US,Los Angeles,https://i.scdn.co/image/ab6761610000e5eb4a21b4760d2ecb7b0dcdc8da,95,110148270,Pop,Alternative,"December 18, 2001",2016,Live,N/A
Bruno Mars,0du5cEVh5yTK9QJze8zA0C,Bruno Mars,Person,male,US,Honolulu,https://i.scdn.co/image/ab6761610000e5ebc36dd9eb55fb0db4911f25dd,95,70407174,Pop,R&B,"October 8, 1985",2004,Live,N/A
Nicki Minaj,0hCNtLu0JehylgoiP8L4Gh,Nicki Minaj,Person,female,US,Saint James,https://i.scdn.co/image/ab6761610000e5eb07a50f0a9a8f11e5a1102cbd,87,33723200,Hip-hop,Pop,"December 8, 1982",2004,Live,N/A
Coldplay,4gzpq5DPGxSnKTe4SA8HAU,Coldplay,Group,male,GB,London,https://i.scdn.co/image/ab6761610000e5eb1ba8fc5f5c73e7e9313cc6eb,91,57733503,Alternative rock,Pop rock,1996,1996,Live,N/A
Imagine Dragons,53XhwfbYqKCa1cC15pYq2q,Imagine Dragons,Group,male,US,Las Vegas,https://i.scdn.co/image/ab6761610000e5ebab47d8dae2b24f5afe7f9d38,88,56934424,Alternative rock,Pop rock,2008,2008,Live,N/A
21 Savage,1URnnhqYAYcrqrcwql10ft,21 Savage,Person,male,US,Plaistow,https://i.scdn.co/image/ab6761610000e5eb4f8f76117470957c0e81e5b2,88,22282821,Hip-hop,Trap,"October 22, 1992",2013,Live,N/A
Lana Del Rey,00FQb4jTyendYWaN8pK0wa,Lana Del Rey,Person,female,US,Manhattan,https://i.scdn.co/image/ab6761610000e5ebb99cacf8acd5378206767261,91,46368026,Indie pop,Dream pop,"June 21, 1985",2005,Live,N/A
Khalid,6LuN9FCkKOj5PcnpouEgny,Khalid,Person,male,US,Fort Stewart,https://i.scdn.co/image/ab6761610000e5eb24ff450c42d4e36fb34a7631,84,16678275,R&B,Pop,"February 11, 1998",2016,Live,N/A
Lil Baby,5f7VJjfbwm532GiveGC0ZK,Lil Baby,Person,male,US,Atlanta,https://i.scdn.co/image/ab6761610000e5eb514da623c55dc9d2155705dd,88,20207329,Hip-hop,Trap,"December 3, 1994",2016,Live,N/A
Beyoncé,6vWDO969PvNqNYHIOW5v0m,Beyonca Johnson,Person,female,US,Texas,https://i.scdn.co/image/ab6761610000e5eb7eaa373538359164b843f7c0,87,40078874,R&B,Pop,"September 4, 1981",1997,Live,N/A
Sia,5WUlDfRSoLAfcVSX1WnrxN,Sia,Person,female,AU,Adelaide,https://i.scdn.co/image/ab6761610000e5eb911dd6caa410128a05ab99aa,49,607206,Pop,Electropop,"December 18, 1975",1993,Live,N/A
Doja Cat,5cj0lLjcoR7YOSnhnX0Po5,Doja Cat,Person,female,US,Tarzana,https://i.scdn.co/image/ab6761610000e5ebe94f88ff74ae4ddcab961f97,87,33051749,Hip-hop,Pop,"October 21, 1995",2012,Live,N/A
One Direction,4AK6F7OLvEQ5QYCBNiQWHq,One Direction,Group,male,GB,London,https://i.scdn.co/image/5bb443424a1ad71603c43d67f5af1a04da6bb3c8,86,39191729,Pop,Pop rock,2010,2010,Disbanded,2016
Harry Styles,6KImCVD70vtIoJWnq6nGn3,Harry Styles,Person,male,GB,Redditch,https://i.scdn.co/image/ab6761610000e5ebf7db7c8ede90a019c54590bb,84,33607541,Pop,Rock,"February 1, 1994",2010,Live,N/A
Metro Boomin,0iEtIxbK0KxaSlF7G42ZOp,Metro Boomin,Person,male,US,St. Louis,https://i.scdn.co/image/ab6761610000e5ebdf9a1555f53a20087b8c5a5c,88,10783997,Hip-hop,Trap,"September 16, 1993",2013,Live,N/A
Ty Dolla $ign,7c0XG5cIJTrrAgEC3ULPiq,Ty Dolla $ign,Person,male,US,Los Angeles,https://i.scdn.co/image/ab6761610000e5eb24b3c0f33bc5e3f6a53f84d7,85,6429665,R&B,Hip-hop,"April 13, 1982",2010,Live,N/A
Halsey,26VFTg2z8YR0cCuwLzESi2,Halsey,Person,female,US,Washington,https://i.scdn.co/image/ab6761610000e5eb7f17140567e7df5799d5c3a9,83,22060842,Pop,Alternative,"September 29, 1994",2014,Live,N/A
Olivia Rodrigo,1McMsnEElThX1knmY4oliG,Olivia Rodrigo,Person,female,US,Murrieta,https://i.scdn.co/image/ab6761610000e5ebe03a98785f3658f0b6461ec4,88,45004223,Pop,Pop rock,"February 20, 2003",2016,Live,N/A
"Tyler, The Creator",4V8LLVI7PbaPR0K2TGSxFF,"Tyler, The Creator",Person,male,US,Hawthorne,https://i.scdn.co/image/ab6761610000e5ebdfa2b0c7544a772042a12e52,91,21303924,Hip-hop,Alternative hip-hop,"March 6, 1991",2007,Live,N/A
The Chainsmokers,69GGBxA162lTqCwzJG5jLp,The Beatles,Group,male,GB,Liverpool,https://i.scdn.co/image/ab6761610000e5eb44434ab91c37f5407f8e83b6,83,20977091,EDM,Pop,2012,2012,Live,N/A
Miley Cyrus,5YGY8feqx7naU7z4HrwZM6,Miley Cyrus,Person,non-binary,US,Franklin,https://i.scdn.co/image/ab6761610000e5ebf4cccd14ec026038d713e353,84,25819254,Pop,Rock,"November 23, 1992",2006,Live,N/A
Pitbull,0TnOYISbd1XYRBk9myaseg,Pitbull,Person,male,US,Miami,https://i.scdn.co/image/ab6761610000e5eb4051627b19277613e0e62a34,87,11482061,Hip-hop,Dance-pop,"January 15, 1981",2001,Live,N/A
Die drei ???,3meJIgRw7YleJrmbpbJK6S,Die drei ???,Other,N/A,DE,Germany,https://i.scdn.co/image/ab6761610000e5eb7de827ab626c867816052015,88,1145467,Audio drama (Hörspiel),N/A,1968,1968,Live,N/A
Frank Ocean,2h93pZq0e7k5yf4dywlkpM,Frank Sinatra,Person,male,US,Hoboken,https://i.scdn.co/image/ab6761610000e5ebee3123e593174208f9754fab,88,18418922,R&B,Alternative R&B,"October 28, 1987",2010,Live,N/A
Cardi B,4kYSro6naA4h99UJvo89HB,Cardi B,Person,female,US,The Bronx,https://i.scdn.co/image/ab6761610000e5eb4e8a7e14e2f602eb9af24e31,80,25224674,Hip-hop,Trap,"October 11, 1992",2015,Live,N/A
Camila Cabello,4nDoRrQiYLoBzwC5BhVJzF,Camila Cabello,Person,female,US,Cojímar,https://i.scdn.co/image/ab6761610000e5eb76470faf6330235edbcb90a9,82,34810614,Pop,Latin pop,"March 3, 1997",2012,Live,N/A
DaBaby,4r63FhuTkUYltbVAg5TQnk,DaBaby,Person,male,US,Cleveland,https://i.scdn.co/image/ab6761610000e5ebbd6918901c1714560669f570,80,12582626,Hip-hop,Trap,"December 22, 1991",2015,Live,N/A
Twenty One Pilots,3YQKmKGau1PzlVlkL1iodx,twenty one pilots,Group,male,US,Columbus,https://i.scdn.co/image/ab6761610000e5eb274df4dfcb960867eccedfb5,84,25250057,Alternative hip-hop,Pop rock,2009,2009,Live,N/A
Disney,3xvaSlT4xsyk6lY1ESOspO,[Disney],Other,N/A,US,Kansas City,https://i.scdn.co/image/ab6761610000e5ebc698d53b77db34027b00f853,87,729595,Soundtrack,Pop,1923,1923,Live,N/A
Michael Jackson,3fMbdgg4jU18AjLCKBhRSm,Michael Jackson,Person,male,US,Gary,https://i.scdn.co/image/ab6761610000e5eb997cc9a4aec335d46c9481fd,85,35341832,Pop,R&B,"August 29, 1958",1964,Deceased,2009
Quavo,0VRj0yCOv2FXJNP47XQnx5,Quavo,Person,male,US,Lawrenceville,https://i.scdn.co/image/ab6761610000e5ebd52229f479361a2375f6021c,79,7723657,Hip-hop,Trap,"April 2, 1991",2008,Live,N/A
Mac Miller,4LLpKhyESsyAXpc4laK94U,Mac Miller,Person,male,US,Pennsylvania,https://i.scdn.co/image/ab6761610000e5ebed3b89aa602145fde71a163a,85,11677462,Hip-hop,Alternative hip-hop,"January 19, 1992",2007,Deceased,2018
Tyga,5LHRHt1k9lMyONurDHEdrp,Tyga,Person,male,US,Compton,https://i.scdn.co/image/ab6761610000e5ebc0aa5c92c47f7e766074edce,79,7183053,Hip-hop,Pop rap,"November 19, 1989",2007,Live,N/A
Elton John,3PhoLpVuITZKcymswpck5b,Elton John,Person,male,GB,Pinner,https://i.scdn.co/image/ab6761610000e5eb0dc33a1c53bb58a84b45d6a7,84,14702910,Pop rock,Soft rock,"March 25, 1947",1962,Live,N/A
Jason Derulo,07YZf4WDAMNwqr4jfgOZ8y,Jason Derulo,Person,male,US,Miami,https://i.scdn.co/image/ab6761610000e5eb62fa38af4bdc7322b2103493,79,12463456,Pop,R&B,"September 21, 1989",2006,Live,N/A
Alan Walker,7vk5e3vY1uw9plTHJAMwjN,Alan Silvestri,Person,male,US,New York,https://i.scdn.co/image/ab6761610000e5ebbf753c009fd9c2d53351dd3c,81,40490996,EDM,Electro house,"August 24, 1997",2012,Live,N/A
Bebe Rexha,64M6ah0SkkRsnPGtGiRAbb,Bebe Rexha,Person,female,US,New York,https://i.scdn.co/image/ab6761610000e5ebead1540fa76796266fadba33,79,9579510,Pop,Dance-pop,"August 30, 1989",2010,Live,N/A
YoungBoy Never Broke Again,7wlFDEWiM5OoIAt8RSli8b,YoungBoy Never Broke Again,Person,male,US,Baton Rouge,https://i.scdn.co/image/ab6761610000e5ebb1d6eaf7ad3417765577cac4,83,13892442,Hip-hop,Trap,"October 20, 1999",2015,Live,N/A
Swae Lee,1zNqQNIdeOUZHb8zbZRFMX,Swae Lee,Person,male,US,Inglewood,https://i.scdn.co/image/ab6761610000e5ebf1be22786da29b0a1284c0a5,80,2630850,Hip-hop,Pop,"June 7, 1993",2010,Live,N/A
Kodak Black,46SHBwWsqBkxI7EeeBEQG7,Kodak Black,Person,male,US,Pompano Beach,https://i.scdn.co/image/ab6761610000e5eb70c05cf4dc9a7d3ffd02ba19,82,11798523,Hip-hop,Trap,"June 11, 1997",2014,Live,N/A
Demi Lovato,6S2OmqARrzebs0tKUEyXyp,Demi Lovato,Person,non-binary,US,Albuquerque,https://i.scdn.co/image/ab6761610000e5ebe106fea940fcf250f8dd5bfe,78,27120169,Pop,Pop rock,"August 20, 1992",2002,Live,N/A
The Neighbourhood,77SW9BnxLY8rJ0RciFqkHh,The Neighbourhood,Group,male,GB,Liverpool,https://i.scdn.co/image/ab6761610000e5ebdf0b5ac84376a0a4b2166816,85,20064737,Alternative rock,Indie pop,Aug-11,2011,Live,N/A
Big Sean,0c173mlxpT3dSFRgMO8XPh,Big Sean,Person,male,US,Santa Monica,https://i.scdn.co/image/ab6761610000e5eb3d5b14b45d4c3d10d23b03ff,78,11422644,Hip-hop,Pop rap,"March 25, 1988",2007,Live,N/A
Sabrina Carpenter,74KM79TiuVKeVCqs8QtB0B,Sabrina Carpenter,Person,female,US,Bucks County,https://i.scdn.co/image/ab6761610000e5ebe053b8338322b9c8609ee7ae,92,21236805,Pop,Pop rock,"May 11, 1999",2011,Live,N/A
Justin Timberlake,31TPClRtHm23RisEBtV3X7,Justin Timberlake,Person,male,US,Memphis,https://i.scdn.co/image/ab6761610000e5eb7a5cfe2597665a3d160e805e,83,15260072,Pop,R&B,"January 31, 1981",1996,Live,N/A
P!nk,1KCSPY1glIKqW2TotWuXOR,P!nk,Person,female,US,Doylestown,https://i.scdn.co/image/ab6761610000e5eb7bbad89a61061304ec842588,25,1080,Pop,Pop rock,"September 8, 1979",1995,Live,N/A
Ellie Goulding,0X2BH1fck6amBIoJhDVmmJ,Ellie Goulding,Person,female,GB,Hereford,https://i.scdn.co/image/ab6761610000e5ebc3cd7dc428871e8985d62b9a,81,12995399,Pop,Electropop,"December 30, 1986",2009,Live,N/A
Polo G,6AgTAQt8XS6jRWi4sX7w49,Zero?G,Person,male,US,Illinois,https://i.scdn.co/image/ab6761610000e5ebbedf3bdf589da06d1567196c,80,12528213,Hip-hop,Trap,"January 6, 1999",2018,Live,N/A
G-Eazy,02kJSzxNuaWGqwubyUba0Z,G?Eazy,Person,male,US,Oakland,https://i.scdn.co/image/ab6761610000e5ebd0f55babbbdcfab188016110,79,5874571,Hip-hop,Pop rap,"May 24, 1989",2008,Live,N/A
Hozier,2FXC3k01G6Gw61bmprjgqS,Hozier,Person,male,IE,Bray,https://i.scdn.co/image/ab6761610000e5ebad85a585103dfc2f3439119a,86,8667376,Indie rock,Soul,"March 17, 1990",2008,Live,N/A
DJ Snake,540vIaP2JwjQb9dm3aArA4,DJ Snake,Person,male,FR,Paris,https://i.scdn.co/image/ab6761610000e5ebca97cf089968b569e29d795c,79,9089005,EDM,Trap,"June 13, 1986",2011,Live,N/A
Kali Uchis,1U1el3k54VvEUzo3ybLPlM,Kali Uchis,Person,female,US,Alexandria,https://i.scdn.co/image/ab6761610000e5eb6a5bff9f9278d4eea13bb67e,86,8701850,R&B,Neo soul,"July 17, 1994",2012,Live,N/A
Tory Lanez,2jku7tDXc6XoB6MO2hFuqg,Tory Lanez,Person,male,CA,Brampton,https://i.scdn.co/image/ab6761610000e5ebbd5d3e1b363c3e26710661c3,82,7624370,Hip-hop,R&B,"July 27, 1992",2009,Live,N/A
Pharrell Williams,2RdwBSPQiwcmiDo9kixcl8,Pharrell Williams,Person,male,US,Virginia Beach,https://i.scdn.co/image/ab6761610000e5ebf0789cd783c20985ec3deb4e,82,5128234,Hip-hop,Pop,"April 5, 1973",1992,Live,N/A
Akon,0z4gvV4rjIZ9wHck67ucSV,Akon,Person,male,SN,St. Louis,https://i.scdn.co/image/ab6761610000e5eb8c5984726ddb2c2d90ada28d,11,41,R&B,Hip-hop,"April 30, 1973",2004,Live,N/A
Offset,4DdkRBBYG6Yk9Ka8tdJ9BW,Offset,Person,male,US,Lawrenceville,https://i.scdn.co/image/ab6761610000e5eb3e7d96e41d99352ab1feebec,79,5130728,Hip-hop,Trap,"December 14, 1991",2007,Live,N/A
Don Toliver,4Gso3d4CscCijv0lmajZWs,Don Toliver,Person,male,US,Houston,https://i.scdn.co/image/ab6761610000e5eb62d52993e245cb161f89b01c,87,6480864,Hip-hop,Trap,"June 12, 1994",2017,Live,N/A
The Kid LAROI,2tIP7SsRs7vjIcLrU85W8J,The Kid LAROI,Person,male,AU,Waterloo,https://i.scdn.co/image/ab6761610000e5ebebf5c408f4d003817161e061,82,6214733,Hip-hop,Pop,"August 17, 2003",2018,Live,N/A
Kid Cudi,0fA0VVWsXO9YnASrzqfmYu,Kid Cudi,Person,male,US,Cleveland,https://i.scdn.co/image/ab6761610000e5eb876faa285687786c3d314ae0,80,7488264,Hip-hop,Alternative hip-hop,"January 30, 1984",2003,Live,N/A
Flo Rida,0jnsk9HBra6NMjO2oANoPY,Flo Rida,Person,male,US,Carol City,https://i.scdn.co/image/ab6761610000e5eb655ca8f3196953554b479452,82,8915962,Hip-hop,Dance-pop,"September 17, 1979",2000,Live,N/A
Logic,4xRYI6VqpkE3UwrDrAZL8L,Logic,Person,male,US,Gaithersburg,https://i.scdn.co/image/ab6761610000e5eb94678f7d5353a9b680f60d23,74,6127416,Hip-hop,Pop rap,"January 22, 1990",2010,Live,N/A
Lil Nas X,7jVv8c5Fj3E9VhNjxT4snq,Lil Nas X,Person,male,US,Georgia,https://i.scdn.co/image/ab6761610000e5eb3758a33e782b46bd7f174e1d,75,12364693,Hip-hop,Pop,"April 9, 1999",2018,Live,N/A
Black Eyed Peas,1yxSLGMDHlW21z4YXirZDS,Black Eyed Peas,Group,N/A,US,Los Angeles,https://i.scdn.co/image/ab6761610000e5ebb3037310c07b99cbefbd2c6d,82,8886591,Hip-hop,Pop,1995,1995,Live,N/A
Joji,3MZsBdqDrRTJihTHQrO6Dq,Joji,Person,male,US,Osaka,https://i.scdn.co/image/ab6761610000e5eb4111c95b5f430c3265c7304b,23,754,R&B,Alternative R&B,"September 18, 1992",2013,Live,N/A
Anne-Marie,1zNqDE7qDGCsyzJwohVaoX,Anne-Marie,Person,female,GB,Essex,https://i.scdn.co/image/ab6761610000e5eb0fc46d81e66450d99a3b0c05,78,12417055,Pop,Dance-pop,"April 7, 1991",2013,Live,N/A
Lil Yachty,6icQOAFXDZKsumw3YXyusw,Lil Yachty,Person,male,US,Mableton,https://i.scdn.co/image/ab6761610000e5eb86c7c38d4c8c461dba55035c,80,10628247,Hip-hop,Trap,"August 23, 1997",2014,Live,N/A
Ne-Yo,21E3waRsmPlU7jZsS13rcj,Ne?Yo,Person,male,US,Camden,https://i.scdn.co/image/ab6761610000e5ebca118e3822061f7b7f6bc537,83,13892442,R&B,Pop,"October 18, 1979",1999,Live,N/A
Megan Thee Stallion,181bsRPaVXVlUKXrxwZfHK,Megan Thee Stallion,Person,female,US,San Antonio,https://i.scdn.co/image/ab6761610000e5eba300c2e412844ab60e397b1b,80,10318814,Hip-hop,Trap,"February 15, 1995",2016,Live,N/A
mgk,6TIYQ3jFPwQSRmorSezPxX,mgk,Person,male,US,Houston,https://i.scdn.co/image/ab6761610000e5eb6659c0c409fee150c1f7c879,25,1080,Hip-hop,Pop punk,"April 22, 1990",2006,Live,N/A
Tate McRae,45dkTj5sMRSjrmBSBeiHym,Tate McRae,Person,female,CA,Calgary,https://i.scdn.co/image/ab6761610000e5eb590259e859082dc3b661b8ac,91,7406236,Pop,Dance-pop,"July 1, 2003",2016,Live,N/A
Lauv,5JZ7CnR6gTvEMKX4g70Amv,Lauv,Person,male,US,San Francisco,https://i.scdn.co/image/ab6761610000e5ebb173d69f77530d77a991984f,77,6598473,Pop,Indie pop,"August 8, 1994",2015,Live,N/A
Jack Harlow,2LIk90788K0zvyj2JJVwkJ,Jack Harlow,Person,male,US,Louisville,https://i.scdn.co/image/ab6761610000e5ebb645c02cfa05103299775097,81,4163947,Hip-hop,Pop rap,"March 13, 1998",2015,Live,N/A
Childish Gambino,73sIBHcqh3Z3NyqHKZ7FOL,Childish Gambino,Person,male,US,Edwards Air Force Base,https://i.scdn.co/image/ab6761610000e5ebc3dc5429b676b16d451e5f77,82,14033268,Hip-hop,R&B,"September 25, 1983",2005,Live,N/A
5 Seconds of Summer,5Rl15oVamLq7FbSb0NNBNy,5 Seconds of Summer,Group,N/A,AU,Sydney,https://i.scdn.co/image/ab6761610000e5eb5048d9616b459ef90f04b6d8,78,10309329,Pop rock,Pop,2011,2011,Live,N/A
Macklemore,3JhNCzhSMTxs9WLGJJxWOY,Macklemore,Person,male,US,Seattle,https://i.scdn.co/image/ab6761610000e5eb488b3b242f97163a7f8e17b9,79,2641808,Hip-hop,Pop rap,"June 19, 1983",2000,Live,N/A
blackbear,2cFrymmkijnjDg9SS92EPM,blackbear,Person,male,US,Daytona Beach,https://i.scdn.co/image/ab6761610000e5eb4f7d049994ac00ed885bfbf2,75,5032190,R&B,Pop,"November 27, 1990",2006,Live,N/A
Alessia Cara,2wUjUUtkb5lvLKcGKsKqsR,Alessia Cara,Person,female,CA,Mississauga,https://i.scdn.co/image/ab6761610000e5eb6cde43f126518af0ef8eddc2,75,12093812,Pop,R&B,"July 11, 1996",2014,Live,N/A
ZAYN,5ZsFI1h6hIdQRw2ti0hz81,Zayn Malik,Person,male,GB,Bradford,https://i.scdn.co/image/ab6761610000e5eb7a1fba1bb3618ef71355f82a,78,23725504,Pop,R&B,"January 12, 1993",2010,Live,N/A
Ava Max,4npEfmQ6YuiwW1GpUmaq3F,Ava Max,Person,female,US,Milwaukee,https://i.scdn.co/image/ab6761610000e5ebcdad64084c4e2d450e3c0fae,80,7438259,Pop,Dance-pop,"February 16, 1994",2013,Live,N/A
Zara Larsson,1Xylc3o4UrD53lo9CvFvVg,Zara Larsson,Person,female,SE,Solna municipality,https://i.scdn.co/image/ab6761610000e5eb7619ca2683b434e139040f70,76,10698508,Pop,Dance-pop,"December 16, 1997",2008,Live,N/A
Gorillaz,3AA28KZvwAUcZuOKwyblJQ,Gorillaz,Group,N/A,female,London,https://i.scdn.co/image/ab6761610000e5ebce5f4c2722732fbd7e814dad,83,13144661,Alternative rock,Electronic,1998,1998,Live,N/A
Daniel Caesar,20wkVLutqVOYrc0kxFs7rA,Daniel Caesar,Person,male,CA,Toronto,https://i.scdn.co/image/ab6761610000e5ebe5bc630548fb3517cf90edb8,86,8933652,R&B,Soul,"April 5, 1995",2014,Live,N/A
Chance the Rapper,1anyVhU62p31KFi8MEzkbf,Chance the Rapper,Person,male,US,Chicago,https://i.scdn.co/image/ab6761610000e5ebe8717f034edfa96049ece459,75,6031542,Hip-hop,Alternative hip-hop,"April 16, 1993",2011,Live,N/A
French Montana,6vXTefBL93Dj5IqAWq6OTv,French Montana,Person,male,US,Rabat,https://i.scdn.co/image/ab6761610000e5ebadb2f8e09c3e3171956aafe4,76,5691847,Hip-hop,Trap,"November 9, 1984",2002,Live,N/A
Meghan Trainor,6JL8zeS1NmiOftqZTRgdTz,Meghan Trainor,Person,female,US,Nantucket,https://i.scdn.co/image/ab6761610000e5eb365984489dac7a79eac204e3,78,15694664,Pop,Doo-wop,"December 22, 1993",2009,Live,N/A
Little Mix,3e7awlrlDSwF3iM0WBjGMp,Little Mix,Group,female,female,London,https://i.scdn.co/image/ab6761610000e5eb08cd53940cbf5813ee5fe565,74,12245504,Pop,Dance-pop,2011,2011,Disbanded,2023
DJ Khaled,0QHgL1lAIqAw0HtD7YldmP,Khaled,Person,male,DZ,Oran,https://i.scdn.co/image/ab6761610000e5eb084f36c2ae2da4a02494e1e5,76,11991092,Hip-hop,Pop,"November 26, 1975",1996,Live,N/A
ABBA,0LcJLqbBmaGUft1e9Mm8HV,ABBA,Group,N/A,SE,Stockholm,https://i.scdn.co/image/ab6761610000e5eb81a5ec3c9b4a6750440904d8,2,61,Pop,Disco,1972,1972,Live,N/A
Melanie Martinez,63yrD80RY3RNEM2YDpUpO8,Melanie Martinez,Person,female,US,Astoria,https://i.scdn.co/image/ab6761610000e5eb77ecd63aaebe2225b07c89f0,78,21997293,Pop,Alternative pop,"April 28, 1995",2012,Live,N/A
Labrinth,2feDdbD5araYcm6JhFHHw7,Labrinth,Person,male,GB,Hackney,https://i.scdn.co/image/ab6761610000e5eb7885d725841e0338092f5f6f,77,3492109,R&B,Pop,"January 4, 1989",2009,Live,N/A
Kesha,6LqNN22kT3074XbTVUrhzX,Kesha,Person,female,US,Los Angeles,https://i.scdn.co/image/ab6761610000e5eb1c43cbfb50d7ac393df96ae5,81,8621230,Pop,Dance-pop,"March 1, 1987",2005,Live,N/A
Clean Bandit,6MDME20pz9RveH9rEXvrOM,Clean Bandit,Group,N/A,GB,Cambridge,https://i.scdn.co/image/ab6761610000e5eb70d80b8ab8e193aef64223ec,77,5795944,EDM,Dance-pop,2008,2008,Live,N/A
Christina Aguilera,1l7ZsJRRS8wlW3WfJfPfNS,Christina Aguilera,Person,female,US,Staten Island,https://i.scdn.co/image/ab6761610000e5eb1fb7a2d94b56df1f8a61d779,79,8891950,Pop,R&B,"December 18, 1980",1992,Live,N/A
Madonna,6tbjWDEIzxoDsBA1FuhfPW,Madonna,Person,female,US,Bay City,https://i.scdn.co/image/ab6761610000e5eb6ccc1215f5b205aa6b34b48b,81,8473428,Pop,Dance-pop,"August 16, 1958",1979,Live,N/A
Troye Sivan,3WGpXCj9YhhfX11TToZcXP,Troye Sivan,Person,male,AU,Johannesburg,https://i.scdn.co/image/ab6761610000e5eb26e8cb3ff6fc7744b312811b,77,9117852,Pop,Electropop,"June 5, 1995",2006,Live,N/A
Russ,1z7b1Pr1rSlvWRzsW3HOrS,Russ,Person,male,US,Secaucus,https://i.scdn.co/image/ab6761610000e5ebd155a3a187977765ffd9e07a,30,1181,Hip-hop,R&B,"September 26, 1992",2011,Live,N/A
Lorde,163tK9Wjr9P9DmM0AVK7lm,Lorde,Person,female,NZ,Takapuna,https://i.scdn.co/image/ab6761610000e5ebc4902f080d3620b3e6da80c3,15,272,Pop,Electropop,"November 7, 1996",2009,Live,N/A
T-Pain,3aQeKQSyrW4qWr35idm0cy,T?Pain,Person,male,US,Tallahassee,https://i.scdn.co/image/ab6761610000e5eb99a856ab4ab752d85e50a750,80,5405918,Hip-hop,R&B,"September 30, 1985",2004,Live,N/A
The 1975,3mIj9lX2MWuHmhNCA7LSCW,The Beatles,Group,N/A,GB,Liverpool,https://i.scdn.co/image/ab6761610000e5eb0c6e752cbb1e6d1416970f5a,78,7715346,Pop rock,Synth-pop,2002,2002,Live,N/A
League of Legends,47mIJdHORyRerp4os813jD,Of Legends,Group,N/A,US,California,https://i.scdn.co/image/ab6761610000e5ebe80d1ffb81aa6503ad41c574,81,2054558,Soundtrack,N/A,2010,2010,Live,N/A
Noah Kahan,2RQXRUsr4IW1f3mKyKsy4B,Noah Kahan,Person,male,US,Strafford,https://i.scdn.co/image/ab6761610000e5eb8c52b10e110f62fe45761590,85,4018338,Folk pop,Indie folk,"January 19, 1997",2017,Live,N/A
Jeremih,3KV3p5EY4AvKxOlhGHORLg,Jeremih,Person,male,US,Chicago,https://i.scdn.co/image/ab6761610000e5eb8ddeab89a67542470e2631c8,76,6989789,R&B,Hip-hop,"July 17, 1987",2003,Live,N/A
Mitski,2uYWxilOVlUdk4oV9DvwqK,Mitski,Person,female,US,Mie,https://i.scdn.co/image/ab6761610000e5eb4bdb3888818637acb71c4a13,82,10223990,Indie rock,Indie pop,"September 27, 1990",2007,Live,N/A
