peak_rank,artist_id,artist_name,avg_monthly_listners,daily_avg,pk_listners
1,0du5cEVh5yTK9QJze8zA0C,Bruno Mars,134198003,-189522,151079821
1,1Xyo4u8uXC1ZmMpatF05PJ,The Weeknd,118620520,111076,126192069
2,1HY2Jd0NmPuamShAr6KMms,Lady Gaga,113321080,-341331,124637761
1,6qqNVTkY8uBg9cP3Jd7DAH,Billie Eilish,100217863,-23902,108297865
4,2YZyLoL8N0Wb9xBt1NhZWg,Kendrick Lamar,97542227,-154791,112091210
4,4gzpq5DPGxSnKTe4SA8HAU,Coldplay,91512376,51906,96459910
2,5pKCCKE2ajJHZ9KAiaK11H,Rihanna,87505114,85460,91529958
6,7tYKF4w9nC0nq9CsPZTHyP,SZA,84954040,-100561,97852020
3,4q3ewBCX7sLwd24euuV69X,Bad Bunny,82311986,51483,95350887
1,06HL4z0CvFAxyc27GXpf02,Taylor Swift,81823677,138018,116229071
2,66CXWjxzNUsdJxJ2JdwvnR,Ariana Grande,81398821,191747,123700287
2,6eUKZXaKkcviH0Ku9w2n3V,Ed Sheeran,80720370,620574,94810774
3,1uNFoZAHBGtllmzznpCI3s,Justin Bieber,78930061,15253,104411890
3,3TVXtAsR1Inumwj472S9r4,Drake,78720244,169930,86591246
4,1Cs0zKBU1kc0i8ypK3B9ai,David Guetta,74392836,35174,80447076
3,6M2wZ9GZgrQXHCFfjv46we,Dua Lipa,69459935,-49576,78673675
5,7dGJo4pcD2V6oG8kP0tJRR,Eminem,69288481,-52917,86389533
6,0Y5tJX1MQlPlqiwlOH1tJY,Travis Scott,69112021,-17314,75557671
13,7CajNmpbOovFoOoasH2HaY,Calvin Harris,67659797,114188,73882008
8,5WUlDfRSoLAfcVSX1WnrxN,Sia,66968450,-47568,93545630
4,74KM79TiuVKeVCqs8QtB0B,Sabrina Carpenter,65764250,71821,90844193
3,246dkjvS1zLTtiykXe5h60,Post Malone,65121152,65510,98466468
3,0EmeFodog0BfCgMzAIvKQp,Shakira,64252026,64614,82268835
22,1vyhD5VmyZ7KMfW5gqLgo5,J Balvin,64157903,133509,65323505
21,04gDigrS5kc9YWfZHwBETP,Maroon 5,63670735,96076,65980957
6,5K4W6rqBFWDnAN6FQUkS6x,Kanye West,63210565,-132869,78581428
27,699OTQXzgjhIYAHMy9RyPD,Playboi Carti,62424456,225315,62424456
28,0TnOYISbd1XYRBk9myaseg,Pitbull,62153878,149671,62153878
22,1RyvyyTE3xzB2ZywiAwp0i,Future,60052134,-112720,65628348
23,6jJ0s89eD6GaHleKKya26X,Katy Perry,60002764,96448,65618321
23,4dpARuHxo51G3z768sgnrY,Adele,57524919,-14596,62764213
22,00FQb4jTyendYWaN8pK0wa,Lana Del Rey,56961364,21484,64952989
6,6vWDO969PvNqNYHIOW5v0m,Beyoncé,56716417,-31,78122541
5,5cj0lLjcoR7YOSnhnX0Po5,Doja Cat,56655019,-63395,76357864
22,0C8ZW7ezQVs4URX5aX7Kqx,Selena Gomez,55973053,316471,58879269
2,5YGY8feqx7naU7z4HrwZM6,Miley Cyrus,55942786,389030,84140935
25,7bXgB6jMjp9ATFy66eO08Z,Chris Brown,55037113,190135,55037113
18,53XhwfbYqKCa1cC15pYq2q,Imagine Dragons,54857674,111752,62801774
36,7Ln80lUS6He07XvHI8qqHH,Arctic Monkeys,53937641,-11532,56618863
11,64KEffDW9EtZ1y2vBYgq8T,Marshmello,51489555,80479,68947085
22,4VMYDCV2IEDYJArk749S6m,Daddy Yankee,51206093,81072,58098739
7,2wY79sveU1sp5g7SokKOiI,Sam Smith,49783806,-76456,73972799
23,5Pwc4xIPtQLFEnJriah9YJ,OneRepublic,49757790,78048,64167172
21,790FomKkXshlbRYZFtlgla,KAROL G,49440580,81050,63139763
26,45dkTj5sMRSjrmBSBeiHym,Tate McRae,49189742,-20857,59945963
28,6LuN9FCkKOj5PcnpouEgny,Khalid,49121351,54380,55253946
48,26VFTg2z8YR0cCuwLzESi2,Halsey,48281828,-1387,48404191
34,1mcTU81TzQhprhouKaTkpq,Rauw Alejandro,48227515,-15833,55799543
29,6XyY86QOPPrYVGvF9ch6wz,Linkin Park,48138461,45658,60369972
32,2FXC3k01G6Gw61bmprjgqS,Hozier,48090500,60800,57616097
47,69GGBxA162lTqCwzJG5jLp,The Chainsmokers,47705004,3675,50559085
43,55Aa2cqylxrFIXC767Z865,Lil Wayne,47459823,-48974,52904090
18,1McMsnEElThX1knmY4oliG,Olivia Rodrigo,47378612,91366,64128148
16,3PhoLpVuITZKcymswpck5b,Elton John,47016783,51244,72669137
29,1dfeR4HaWDbWqFHLkxsg1d,Queen,46775036,83168,64087998
17,0iEtIxbK0KxaSlF7G42ZOp,Metro Boomin,46663389,-91287,64728517
35,3fMbdgg4jU18AjLCKBhRSm,Michael Jackson,46288118,43639,55663612
13,6KImCVD70vtIoJWnq6nGn3,Harry Styles,46027902,28191,66411599
43,4V8LLVI7PbaPR0K2TGSxFF,"Tyler, The Creator",45834186,-82321,52930766
57,4YRxDV8wJFPHPTeXepOstw,Arijit Singh,45445935,57146,45445935
18,0hCNtLu0JehylgoiP8L4Gh,Nicki Minaj,45332739,-9946,65680733
17,1URnnhqYAYcrqrcwql10ft,21 Savage,45282635,3379,66771445
57,1yxSLGMDHlW21z4YXirZDS,Black Eyed Peas,44485028,58895,44485028
57,4nDoRrQiYLoBzwC5BhVJzF,Camila Cabello,44064506,123688,48063760
40,7c0XG5cIJTrrAgEC3ULPiq,Ty Dolla $ign,43867874,123580,52532512
26,4AK6F7OLvEQ5QYCBNiQWHq,One Direction,43682319,44615,61154815
56,1r4hJ1h58CWwUQe3MxPuau,Maluma,43611981,39773,47177187
40,1i8SpTcr7yvPOmcqrbnVXY,Ozuna,43542178,29544,51532028
57,31TPClRtHm23RisEBtV3X7,Justin Timberlake,43185529,129304,46918730
27,12GqGscKJx3aE4t07u7eVZ,Peso Pluma,42760471,106253,59429724
47,23zg3TcAtWQy7J6upgbUnj,USHER,42551444,117180,51216038
45,7n2wHs1TKAczGzO7Dd2rGr,Shawn Mendes,42351369,57054,49285295
51,0X2BH1fck6amBIoJhDVmmJ,Ellie Goulding,42101200,4496,45626754
79,21E3waRsmPlU7jZsS13rcj,Ne-Yo,41777930,-12596,41790526
72,0oOet2f43PA68X5RxKobEy,Shreya Ghoshal,41283972,50184,42741430
75,1wRPtKGflJrBx9BmLsSwlU,Pritam,41015746,34875,42001071
62,77SW9BnxLY8rJ0RciFqkHh,The Neighbourhood,40548530,26202,45186994
48,26dSoYclwsYLMAKD3tpOr4,Britney Spears,39902894,3437,54776119
48,7iK8PXO48WeuP03g8YR51W,Myke Towers,39862122,-51927,47235005
58,6LqNN22kT3074XbTVUrhzX,Kesha,39718776,103317,51088856
50,6tbjWDEIzxoDsBA1FuhfPW,Madonna,38913455,-29171,48192778
66,3Isy6kedDrgPYoTS1dazA9,Sean Paul,38909326,206355,38975847
91,137W8MRPWKqSmrBGDBFSop,Wiz Khalifa,38579339,156572,38579339
89,33ScadVnbm2X8kkUqOkC6Z,Don Omar,38119163,21800,38432695
53,2LRoIwlKmHjgvigdNGBHNo,Feid,37863002,84961,46407503
91,13ubrt8QOOCPljQ2FL1Kca,A$AP Rocky,37706323,-793,38053171
68,1vCWHaC5f2uS3yhpwWbIA6,Avicii,37540355,84467,43468577
49,1U1el3k54VvEUzo3ybLPlM,Kali Uchis,37539507,-82652,48511206
68,1KCSPY1glIKqW2TotWuXOR,P!nk,37142779,-19053,37814655
87,1mYsTxnqsietFxj1OgoGbG,A.R. Rahman,37102016,33192,38979250
100,0jnsk9HBra6NMjO2oANoPY,Flo Rida,36959407,-13374,37069903
79,3q7HBObVc0L8jNeTe5Gofh,50 Cent,36712867,-13284,40126544
50,2tIP7SsRs7vjIcLrU85W8J,The Kid LAROI,36428083,-106852,46982806
81,0L8ExT028jH3ddEcZwqJJ5,Red Hot Chili Peppers,36160145,4474,39602017
91,2HPaUgqeutzr3jx5a9WyDV,PARTYNEXTDOOR,36099478,77324,38820076
96,2h93pZq0e7k5yf4dywlkpM,Frank Ocean,35978704,-27247,37385637
45,6l3HvQ5sa6mXTsMTB19rO5,J. Cole,35900705,-27070,48760887
97,08GQAI4eElDnROBrJRGE0X,Fleetwood Mac,35767903,32911,35832635
37,64M6ah0SkkRsnPGtGiRAbb,Bebe Rexha,35702709,-129902,49496274
94,540vIaP2JwjQb9dm3aArA4,DJ Snake,35279256,106442,37610999
59,4oUHIQIBe0LHzYfvXNW4QM,Morgan Wallen,35079988,115147,46385773
85,4Gso3d4CscCijv0lmajZWs,Don Toliver,34698125,-21896,38943885
51,1zNqQNIdeOUZHb8zbZRFMX,Swae Lee,34256955,20991,47431521
69,4IWBUUAFIplrNtaOHcJPRM,James Arthur,34239566,87794,40276141
66,3nFkdlSjzX9mRTtwJOzDYB,JAY-Z,34007961,2543,38587931
64,329e4yvIujISKGKz1BZZbO,Farruko,33985208,44700,39498431
90,2RdwBSPQiwcmiDo9kixcl8,Pharrell Williams,33883640,78030,37520208
64,6XkjpgcEsYab502Vr1bBeW,Grupo Frontera,33868925,-17783,39234817
97,5lwmRuXgjX8xIwlnauTZIP,Romeo Santos,33836521,18402,37325349
66,0tmwSHipWxN12fsoLcFU3B,Manuel Turizo,33794077,66161,39587171
67,15UsOTVnJzReFVN1VCnxy4,XXXTENTACION,33595300,41173,42898057
125,3xvaSlT4xsyk6lY1ESOspO,Disney,33064232,32777,33064232
122,6olE6TJLqED3rqDCT0FyPh,Nirvana,32885067,-6517,33043885
83,2R21vXR83lH98kGeO99Y66,Anuel AA,32874739,-11624,35286500
95,23fqKkggKUBHNkbKtXEls4,Kygo,32635752,18630,37407823
65,2hlmm7s2ICUX0LVIhVFlZQ,Gunna,32609229,-60657,43236433
128,1SupJlEpv7RS2tPNRaHViT,Nicky Jam,32544979,44886,32544979
99,3JhNCzhSMTxs9WLGJJxWOY,Macklemore,32513840,7985,36292075
69,20wkVLutqVOYrc0kxFs7rA,Daniel Caesar,32487808,-45954,44105561
101,3DiDSECUqqY1AuBP8qtaIa,Alicia Keys,32143051,1920,36467650
58,6VuMaDnrHyPL1p4EHjYLi7,Charlie Puth,32095641,71445,42603508
105,0ys2OFYzWYB5hRDLCsBqxt,Fuerza Regida,32076395,73926,35789194
61,1zNqDE7qDGCsyzJwohVaoX,Anne-Marie,31942213,22471,41501481
77,711MCceyCBcFnzjGY4Q7Un,AC/DC,31890133,91655,40609655
78,3WrFJ7ztbogyGnTHbHJFl2,The Beatles,31872183,11352,37399629
135,4Z8W4fKeB5YxbusRsdQVPb,Radiohead,31785472,-36174,31821646
96,7oPftvlwr6VrsViSDV7fJY,Green Day,31737464,79769,36657007
95,5fMUXHkw8R8eOP2RNVYEZX,Diplo,31724233,77847,34712763
128,0z4gvV4rjIZ9wHck67ucSV,Akon,31450920,10885,32792945
54,3AA28KZvwAUcZuOKwyblJQ,Gorillaz,31392760,25774,41977704
132,3qm84nBOXUEQ2vnTfUTTFC,Guns N' Roses,31350003,-44133,31934056
29,2LIk90788K0zvyj2JJVwkJ,Jack Harlow,31260628,42759,59210566
56,25uiPmTg16RbhZWAqwLBy5,Charli xcx,31084061,-26278,46491335
76,5f7VJjfbwm532GiveGC0ZK,Lil Baby,31038586,19813,41194598
105,0LcJLqbBmaGUft1e9Mm8HV,ABBA,31036058,65151,35949380
143,1l7ZsJRRS8wlW3WfJfPfNS,Christina Aguilera,30488392,23670,34034008
80,360IAlyVv4PCEVjgyMZrxK,Miguel,30480140,-122282,34144669
92,4MCBfE4596Uoi2O4DtmEMz,Juice WRLD,30136568,-12455,39483073
77,07YZf4WDAMNwqr4jfgOZ8y,Jason Derulo,30117581,105616,39368590
85,4npEfmQ6YuiwW1GpUmaq3F,Ava Max,29766925,11671,42954408
118,3YQKmKGau1PzlVlkL1iodx,Twenty One Pilots,29624608,359506,34284091
151,7qG3b048QCHVRO5Pv1T5lw,Enrique Iglesias,29571120,71277,29709479
143,58lV9VcRSjABbAbfWS6skp,Bon Jovi,29495544,63032,30883021
109,7hJcb9fa4alzcOq3EaNPoG,Snoop Dogg,29056682,44031,34236028
151,73sIBHcqh3Z3NyqHKZ7FOL,Childish Gambino,28948452,-121236,30712179
67,4O15NlyKLIASxsJ0PrXPfz,Lil Uzi Vert,28528128,-35157,39580515
88,6nVcHLIgY5pE2YCl8ubca1,JHAYCO,28495119,97197,34794173
97,50co4Is1HCEo8bhOyUWKpn,Young Thug,28442664,29446,33656406
181,4Ga1P7PMIsmqEZqhYZQgDo,Lil Tecca,28058420,215051,28058420
84,4kYSro6naA4h99UJvo89HB,Cardi B,27979581,-4991,36282159
28,716NhGYqD1jl2wI1Qkgq36,Bizarrap,27772742,-1893,54300662
186,74XFHRwlV6OrjEM0A2NCMF,Paramore,27502923,51116,27502923
142,1QAJqy2dA3ihHBFIHRphZj,Cigarettes After Sex,27495278,-21060,31412056
5,4iHNK0tOyZPYnBU7nGAgpQ,Mariah Carey,27458236,71439,100610625
76,3t5xRXzsuZmMDkQzgOX35S,Robin Schulz,27403581,33566,34908935
162,5INjqkS1o8h1imAzPqGZBb,Tame Impala,27291979,6674,28367463
144,2ye2Wgw4gimLv2eAKyk1NB,Metallica,27269045,-2160,27705582
125,66ihevNkSYNzRAl44dx6jJ,Carin Leon,27205585,35483,32386759
100,7vk5e3vY1uw9plTHJAMwjN,Alan Walker,26756373,40110,33218914
198,02kJSzxNuaWGqwubyUba0Z,G-Eazy,26678607,44776,26678607
173,4LLpKhyESsyAXpc4laK94U,Mac Miller,26602435,-860,28673744
167,6MDME20pz9RveH9rEXvrOM,Clean Bandit,26582256,2583,29350485
132,738wLrAtLtCtFOLvQBXOXp,Major Lazer,26490039,65769,31365666
86,2RQXRUsr4IW1f3mKyKsy4B,Noah Kahan,26487156,-8873,37900933
160,5ZsFI1h6hIdQRw2ti0hz81,ZAYN,26335934,-60328,28851598
92,3IYUhFvPQItj6xySrBmZkd,Creedence Clearwater Revival,26196499,-37259,38637577
66,4GNC7GD6oZMSxPGyXy4MNB,Lewis Capaldi,26182417,93,37776153
98,6S2OmqARrzebs0tKUEyXyp,Demi Lovato,25974692,35379,33320815
99,46SHBwWsqBkxI7EeeBEQG7,Kodak Black,25882606,36476,33708388
141,7Gi6gjaWy3DxyilpF1a8Is,Junior H,25810786,-14367,28903235
178,0C0XlULifJtAgn6ZNCW2eu,The Killers,25714527,6691,28483994
138,22bE4uQ6baNwSHPVcDxLCe,The Rolling Stones,25521056,-16987,29911374
108,181bsRPaVXVlUKXrxwZfHK,Megan Thee Stallion,25473912,-38096,35834865
119,40ZNYROS4zLfyyBSs2PGe2,Zach Bryan,25399916,-3958,34463168
103,4r63FhuTkUYltbVAg5TQnk,DaBaby,25351728,10762,32070946
187,1ZwdS5xdxEREPySFridCfh,2Pac,25338803,-40304,27274115
170,2QsynagSdAqZj3U9HgDzjD,Bob Marley & The Wailers,24958858,58774,28137637
114,718COspgdWOnwOFpJHRZHS,Luke Combs,24956827,-17408,34881535
63,3Nrfpe0tUJi4K4DXYWgMUX,BTS,24783634,74552,40741916
229,28gNT5KBp7IjEOQoevXf9N,Camilo,24579033,33107,24620494
220,6vXTefBL93Dj5IqAWq6OTv,French Montana,24372304,-10695,25515389
112,4SsVbpTthjScTS7U2hmr1X,Arcángel,24335777,83224,29918189
232,0k17h0D3J5VfsdmQ1iZtE9,Pink Floyd,24247775,-101567,24444246
78,4obzFoKoKRHIphyHzJ35G3,Becky G,24153095,-54687,36514621
137,07YUOmWljBTXwIseAUd9TW,Sebastian Yatra,24144790,7879,28235688
137,6Xgp2XMz1fhVYe7i6yNAax,Trippie Redd,23930946,-4897,31720053
202,5me0Irg2ANcsgc93uaYrpb,The Notorious B.I.G.,23864249,-79782,25886768
129,4UXqAaa6dQYAk18Lv7PEgX,Fall Out Boy,23678728,32568,30377374
107,5y2Xq6xcjJb2jVM54GHK3t,John Legend,23595331,-59756,36598430
71,52iwsT98xCoGgiGntTiR7K,Quevedo,23536041,87462,38182790
69,6JL8zeS1NmiOftqZTRgdTz,Meghan Trainor,23520148,198,41619008
106,37230BxxYs9ksS7OkZw3IU,Chencho Corleone,23516824,65071,31161386
159,0elWFr7TW8piilVRYJUe4P,Natanael Cano,23461171,-47753,28962500
162,1Xylc3o4UrD53lo9CvFvVg,Zara Larsson,23324845,46380,29026526
194,6DPYiyq5kWVQS4RGwxzPC7,Dr. Dre,23143175,-20092,27880888
225,4tZwfgrHOc3mvqYlEYSvVi,Daft Punk,23100611,77907,23376824
180,2jku7tDXc6XoB6MO2hFuqg,Tory Lanez,23019083,-31257,26498835
249,5eAWCfyUhZtHHtBdNk56l1,System Of A Down,22895816,6791,24010200
175,60d24wfXkVzDSfLS6hyCjZ,Martin Garrix,22550597,-15393,23962214
149,0fA0VVWsXO9YnASrzqfmYu,Kid Cudi,22422775,33838,29550228
71,2uYWxilOVlUdk4oV9DvwqK,Mitski,22349220,-22801,39387536
107,3WGpXCj9YhhfX11TToZcXP,Troye Sivan,22267107,86193,32443596
123,0NGAZxHanS9e0iNHpR8f2W,Alok,22022249,45924,33578843
176,5LHRHt1k9lMyONurDHEdrp,Tyga,22000499,30697,25118039
91,0GM7qgcRCORpGnfcN2tCiB,Tainy,21727903,54781,35233699
47,7ltDVBr6mKbRvohxheJ9h1,ROSALÍA,21680026,-3898,46715627
214,4V8Sr092TqfHkfAA5fXXqG,Luis Fonsi,21598527,44856,23290182
92,3hcs9uc56yIGFCSy9leWe7,Lil Durk,21573830,35367,34773282
169,2EMAnMvWE2eb56ToJVfCWs,Bryson Tiller,21024674,18423,28259185
114,4zCH9qm4R2DADamUHMCa6O,Anirudh Ravichander,20995519,26162,31302762
165,20JZFwl6HVl6yg8a4H3ZqK,Panic! At The Disco,20995487,59623,27310489
124,0QHgL1lAIqAw0HtD7YldmP,DJ Khaled,20776880,12813,29389696
284,0pePYDrJGk8gqMRbXrLJC8,Luis R Conriquez,20682697,-70857,22621146
126,0eHQ9o50hj6ZDNBt6Ys1sD,Yandel,20631655,54151,27875326
61,7jVv8c5Fj3E9VhNjxT4snq,Lil Nas X,20624459,49230,37597256
67,2feDdbD5araYcm6JhFHHw7,Labrinth,20605928,80903,36829106
222,163tK9Wjr9P9DmM0AVK7lm,Lorde,20584217,21411,23023548
336,3aQeKQSyrW4qWr35idm0cy,T-Pain,20553089,90216,20553089
175,5he5w2lnU9x7JFhnwcekXX,Skrillex,20462527,123083,23635431
167,57LYzLEk2LcFghVwuWbcuS,Summer Walker,20441083,36206,28542051
173,1wZtkThiXbVNtj6hee6dz9,Wisin & Yandel,20395690,38660,23350285
233,51Blml2LZPmy7TTiAg47vQ,U2,20241162,-22339,23044157
57,43ZHCT0cAZBISjO8DG9PnE,Elvis Presley,20145107,-33922,52355319
205,5Rl15oVamLq7FbSb0NNBNy,5 Seconds of Summer,19940789,-9960,25934585
192,3tlXnStJ1fFhdScmQeLpuG,Brent Faiyaz,19777560,-8446,25902758
174,77ziqFxp5gaInVrF2lj4ht,Sech,19683843,71543,23591625
166,0c173mlxpT3dSFRgMO8XPh,Big Sean,19504859,65194,29499746
231,7jy3rLJdDQY21OgRLCZ9sD,Foo Fighters,19064370,-31583,23378244
336,47mIJdHORyRerp4os813jD,League of Legends,19053438,165935,21226665
257,5JZ7CnR6gTvEMKX4g70Amv,Lauv,18841048,7087,22804645
239,2IMZYfNi21MGqxopj9fWx8,Rels B,18779701,-9223,24237621
220,0XwVARXT135rw8lyw1EeWP,Christian Nodal,18702938,53045,24683573
162,1bAftSH8umNcGZ0uyV7LMg,Duki,18628942,14307,26492455
238,3EiLUeyEcA6fbRPSHkG5kb,De La Ghetto,18550866,-23258,21703557
116,3MZsBdqDrRTJihTHQrO6Dq,Joji,18376359,-23160,29284554
253,0vR2qb8m9WHeZ5ByCbimq2,Reik,18109164,75490,22018792
268,6FBDaR13swtiWwGhX1WQsP,blink-182,18096051,19389,22103116
159,1DxLCyH42yaHKGK3cl5bvG,Maria Becerra,17998248,36848,26919900
230,21451j1KhjAiaYKflxBjr1,Zion & Lennox,17810828,44458,22169487
162,0eDvMgVFoNV3TpwtrVCoTj,Pop Smoke,17697042,2591,25280553
315,6icQOAFXDZKsumw3YXyusw,Lil Yachty,17671448,-30783,20524026
183,4DdkRBBYG6Yk9Ka8tdJ9BW,Offset,17413892,-90490,25315155
296,6oMuImdp5ZcFhWP0ESe6mG,Migos,17353242,11965,20299307
227,2wUjUUtkb5lvLKcGKsKqsR,Alessia Cara,17305564,5590,25204710
156,5XJDexmWFLWOkjOEjOVX3e,Eladio Carrion,17256958,262032,26738598
447,3KV3p5EY4AvKxOlhGHORLg,Jeremih,16903356,-31154,17096085
337,2kCcBybjl3SAtIcwdWpUe3,Lil Peep,16805520,29768,21168577
341,6w9ToX5slZ4uIdmD17hJ3c,Bryant Myers,16773178,8556,18758660
205,757aE44tKEUQEqRuT6GnEB,Roddy Ricch,16688092,-6035,23016594
278,1pQWsZQehhS4wavwh7Fnxd,Lenny Tavárez,16660715,-4532,22544589
263,6AgTAQt8XS6jRWi4sX7w49,Polo G,16519465,-11971,22834466
341,3mIj9lX2MWuHmhNCA7LSCW,The 1975,16407345,-14292,16421637
288,7wlFDEWiM5OoIAt8RSli8b,YoungBoy Never Broke Again,16301250,-62463,19051130
257,1dKdetem2xEmjgvyymzytS,Grupo Firme,16286286,36016,22421731
151,0Q8NcsJwoCbZOHHW63su5S,Mora,15760720,-28670,27760085
33,1Mxqyy3pSjf8kZZL4QVxS0,Frank Sinatra,15622771,5826,61802582
461,3p7PcrEHaaKLJnPUGOtRlT,Henrique & Juliano,15575023,25271,18043242
317,2qxJFvFYMEDqd7ui6kSAcq,Zedd,15570092,31416,17028438
327,0hEurMDQu99nJRq8pTxO14,John Mayer,15557664,-20060,19806976
317,0oSGxfWSnnOXhD2fKuz2Gy,David Bowie,15538749,12896,20160489
344,5C4PDR4LnhZTbVnKWXuDKD,Morat,15504482,16578,16643863
173,41MozSoPIsD1dJM0CLPjZF,BLACKPINK,15413837,48381,25116235
309,2nszmSgqreHSdJA3zWPyrW,Luis Miguel,15348118,13549,21870866
393,2C6i0I5RiGzDKN9IAF8reh,Banda MS de Sergio Lizárraga,15300521,51957,18371806
207,12vb80Km0Ew53ABfJOepVz,Ñengo Flow,15243344,5736,22145574
238,1TtXnWcUs0FCkaZDPGYHdf,Darell,15140560,-9363,22214709
287,3e7awlrlDSwF3iM0WBjGMp,Little Mix,14973317,-9596,19963380
223,14zUHaJZo1mnYtn6IBRaRP,Justin Quiles,14804728,1599,21581896
543,05fG473iIaoy82BF1aGhL8,Slipknot,14511835,-13188,14532595
393,20sxb77xiYeusSH8cVdatc,Meek Mill,14422587,-21354,15553179
213,31W5EY0aAly4Qieq6OFu6I,A Boogie Wit da Hoodie,14347097,21149,22882543
409,6TIYQ3jFPwQSRmorSezPxX,mgk,14178545,19465,16617303
13,1GxkXlMwML1oSg5eLPiAz3,Michael Bublé,13981454,27545,73651203
557,5ZS223C6JyBfXasXxrRqOk,Jhené Aiko,13835745,-2216,13842341
401,13y7CgLHjMVRMDqxdx0Xdo,Gucci Mane,13580037,53686,16561931
259,2cFrymmkijnjDg9SS92EPM,blackbear,13466206,-5076,19962853
539,1elUiq4X7pxej6FRlrEzjM,Jorge & Mateus,13422134,48609,15856100
188,0VRj0yCOv2FXJNP47XQnx5,Quavo,13403928,-17850,27599002
275,6fOMl44jA4Sp5b9PpYCkzz,NF,13354754,601,19447227
636,6wWVKhxIU2cEi0K81v7HvP,Rammstein,12766440,24160,12832035
514,1sBkRIssrMs1AbVkOJbc7a,Rick Ross,12511210,-12064,15272290
405,1wZtkThiXbVNtj6hee6dz9,Wisin,12335817,59191,15614069
508,7MiDcPa6UiV3In7lIM71IN,Gusttavo Lima,12246359,-4176,15115981
268,6jGMq4yGs7aQzuGsMgVgZR,Lil Tjay,12216231,18528,19548091
355,0KPX4Ucy9dk82uj4GpKesn,Dalex,12065258,29794,18038673
365,1z7b1Pr1rSlvWRzsW3HOrS,Russ,11914919,27648,17041050
584,487N2T9nIPEHrlTZLL3SQs,Zé Neto & Cristiano,11691439,45243,13788491
257,63yrD80RY3RNEM2YDpUpO8,Melanie Martinez,11448789,40255,20251491
398,1yR65psqiazQpeM79CcGh8,Marília Mendonça,10676837,1229,14932890
682,2dIgFjalVxs4ThymZ67YCE,Stray Kids,10441956,28110,13521875
603,1VPmR4DJC1PlOtd0IADAO0,$uicideboy$,10222584,21884,12765583
505,3b8QkneNDz4JHKKKlLgYZg,Florida Georgia Line,10157318,-23301,13886025
518,17lzZA2AlOHwCwFALHttmp,2 Chainz,10118623,-8006,13825486
530,0A0FS04o6zMoto8OKPsDwY,YG,10000460,28351,12471725
499,7n2Ycct7Beij7Dj7meI4X0,TWICE,9491722,3269,12855155
431,4xRYI6VqpkE3UwrDrAZL8L,Logic,8992347,-16697,13970820
623,1anyVhU62p31KFi8MEzkbf,Chance the Rapper,8529183,-10165,10952938
1032,1bfl0AU8SqmLkElptOprhC,Jul,8012579,32091,9184258
1193,6Te49r3A6f5BiIgBRxH7FH,Ninho,6711791,14449,7556733
80,3meJIgRw7YleJrmbpbJK6S,Die drei ???,1030892,178,1128604
