Artist_ID,Artist,yt_usernames, Total views , Current daily avg 
3TVXtAsR1Inumwj472S9r4,Drake,drake,"12,60,11,55,623","50,35,613"
06HL4z0CvFAxyc27GXpf02,Taylor Swift,taylorswift,"29,88,56,83,485","71,88,635"
4q3ewBCX7sLwd24euuV69X,Bad Bunny,badbunny,"36,15,96,87,565","2,98,21,080"
1Xyo4u8uXC1ZmMpatF05PJ,The Weeknd,theweeknd,"24,31,40,76,918","3,23,76,179"
1uNFoZAHBGtllmzznpCI3s,Justin Bieber,justinbieber,"31,08,01,81,704","1,24,70,827"
6eUKZXaKkcviH0Ku9w2n3V,Ed Sheeran,edsheeran,"30,22,45,27,174","52,23,245"
7dGJo4pcD2V6oG8kP0tJRR,Eminem,eminem,"25,62,09,51,529","92,07,781"
66CXWjxzNUsdJxJ2JdwvnR,Ariana Grande,arianagrande,"24,07,44,04,193","1,01,58,157"
0Y5tJX1MQlPlqiwlOH1tJY,Travis Scott,travisscott,"7,88,91,53,174","44,42,541"
5K4W6rqBFWDnAN6FQUkS6x,Kanye West,kanyewest,"5,20,35,87,859","15,74,087"
5pKCCKE2ajJHZ9KAiaK11H,Rihanna,rihanna,"21,17,05,01,155","41,76,354"
246dkjvS1zLTtiykXe5h60,Post Malone,postmalone,"14,25,56,02,033","62,00,573"
2YZyLoL8N0Wb9xBt1NhZWg,Kendrick Lamar,kendricklamar,"4,80,93,53,080","33,22,977"
1vyhD5VmyZ7KMfW5gqLgo5,J Balvin,jbalvin,"22,79,95,34,471","68,48,736"
6qqNVTkY8uBg9cP3Jd7DAH,Billie Eilish,billieeilish,"13,88,73,31,309","1,18,78,684"
1RyvyyTE3xzB2ZywiAwp0i,Future,future,"10,12,82,78,785","39,45,731"
3Nrfpe0tUJi4K4DXYWgMUX,BTS,bts,"34,33,44,66,287","1,83,56,619"
0du5cEVh5yTK9QJze8zA0C,Bruno Mars,brunomars,"19,92,95,27,336","66,78,411"
4MCBfE4596Uoi2O4DtmEMz,Juice WRLD,juicewrld,"8,10,76,49,694","43,92,826"
1i8SpTcr7yvPOmcqrbnVXY,Ozuna,ozuna,"25,61,82,11,645","72,98,459"
0hCNtLu0JehylgoiP8L4Gh,Nicki Minaj,nickiminaj,"10,37,89,94,293","19,53,537"
4gzpq5DPGxSnKTe4SA8HAU,Coldplay,coldplay,"17,85,37,39,203","44,96,348"
7bXgB6jMjp9ATFy66eO08Z,Chris Brown,chrisbrown,"16,41,10,71,590","78,94,834"
6M2wZ9GZgrQXHCFfjv46we,Dua Lipa,dualipa,"11,41,13,39,059","33,92,953"
15UsOTVnJzReFVN1VCnxy4,XXXTENTACION,xxxtentacion,"9,83,29,98,011","23,73,449"
1Cs0zKBU1kc0i8ypK3B9ai,David Guetta,davidguetta,"18,24,03,76,458","69,64,808"
53XhwfbYqKCa1cC15pYq2q,Imagine Dragons,imaginedragons,"16,43,80,63,121","56,68,142"
4VMYDCV2IEDYJArk749S6m,Daddy Yankee,daddyyankee,"23,49,48,28,111","67,72,235"
1URnnhqYAYcrqrcwql10ft,21 Savage,21savage,"4,70,23,22,378","16,51,293"
55Aa2cqylxrFIXC767Z865,Lil Wayne,lilwayne,"5,97,18,75,513","20,79,960"
00FQb4jTyendYWaN8pK0wa,Lana Del Rey,lanadelrey,"6,97,09,87,695","33,95,664"
6LuN9FCkKOj5PcnpouEgny,Khalid,khalid,"5,34,83,86,665","17,84,053"
2R21vXR83lH98kGeO99Y66,Anuel AA,anuelaa,"17,54,22,94,216","1,28,63,811"
1mcTU81TzQhprhouKaTkpq,Rauw Alejandro,rauwalejandro,"12,69,99,44,198","98,51,766"
7tYKF4w9nC0nq9CsPZTHyP,SZA,sza,"2,75,95,88,188","19,10,338"
5f7VJjfbwm532GiveGC0ZK,Lil Baby,lilbaby,"7,72,69,10,831","43,72,720"
04gDigrS5kc9YWfZHwBETP,Maroon 5,maroon5,"22,11,65,94,592","66,21,556"
790FomKkXshlbRYZFtlgla,KAROL G,karolg,"24,08,73,56,456","1,81,79,117"
6vWDO969PvNqNYHIOW5v0m,BeyoncàƒÂ©,beyoncé,"17,17,40,60,970","43,92,484"
1r4hJ1h58CWwUQe3MxPuau,Maluma,maluma,"21,70,98,23,079","75,63,231"
7CajNmpbOovFoOoasH2HaY,Calvin Harris,calvinharris,"15,75,95,76,514","33,51,394"
4O15NlyKLIASxsJ0PrXPfz,Lil Uzi Vert,liluzivert,"4,31,93,10,467","10,08,199"
1HY2Jd0NmPuamShAr6KMms,Lady Gaga,ladygaga,"17,08,92,59,062","2,62,61,115"
6l3HvQ5sa6mXTsMTB19rO5,J. Cole,jcole,"2,87,28,11,697","14,68,505"
2LRoIwlKmHjgvigdNGBHNo,Feid,feid,"7,25,11,89,299","73,80,323"
7iK8PXO48WeuP03g8YR51W,Myke Towers,myketowers,"9,26,56,62,024","69,30,021"
5WUlDfRSoLAfcVSX1WnrxN,Sia,sia,"13,43,51,76,405","36,88,786"
50co4Is1HCEo8bhOyUWKpn,Young Thug,youngthug,"4,10,50,76,217","14,84,879"
7n2wHs1TKAczGzO7Dd2rGr,Shawn Mendes,shawnmendes,"12,16,72,00,365","24,95,936"
2wY79sveU1sp5g7SokKOiI,Sam Smith,samsmith,"9,78,61,67,402","28,43,311"
5cj0lLjcoR7YOSnhnX0Po5,Doja Cat,dojacat,"6,60,37,10,323","38,34,145"
329e4yvIujISKGKz1BZZbO,Farruko,farruko,"9,76,51,38,678","33,40,356"
4YRxDV8wJFPHPTeXepOstw,Arijit Singh,arijitsingh,"13,31,62,77,361","73,23,588"
1dfeR4HaWDbWqFHLkxsg1d,Queen,queen,"10,54,23,64,544","32,95,060"
6XyY86QOPPrYVGvF9ch6wz,Linkin Park,linkinpark,"14,39,38,57,451","1,05,11,108"
4AK6F7OLvEQ5QYCBNiQWHq,One Direction,onedirection,"13,45,10,65,610","37,05,169"
0EmeFodog0BfCgMzAIvKQp,Shakira,shakira,"30,05,71,03,271","3,16,36,404"
4dpARuHxo51G3z768sgnrY,Adele,adele,"14,45,25,21,300","38,27,064"
6KImCVD70vtIoJWnq6nGn3,Harry Styles,harrystyles,"5,37,42,95,038","21,51,333"
0iEtIxbK0KxaSlF7G42ZOp,Metro Boomin,metroboomin,"1,31,61,69,068","16,24,591"
7c0XG5cIJTrrAgEC3ULPiq,Ty Dolla $ign,tydolla$ign,"1,61,75,11,960","1,71,367"
0C8ZW7ezQVs4URX5aX7Kqx,Selena Gomez,selenagomez,"13,15,75,48,619","81,33,209"
12GqGscKJx3aE4t07u7eVZ,Peso Pluma,pesopluma,"6,51,71,49,153","3,25,41,370"
7Ln80lUS6He07XvHI8qqHH,Arctic Monkeys,arcticmonkeys,"4,02,49,02,744","10,95,029"
2hlmm7s2ICUX0LVIhVFlZQ,Gunna,gunna,"1,88,96,65,451","17,25,592"
6jJ0s89eD6GaHleKKya26X,Katy Perry,katyperry,"25,93,80,12,660","48,14,413"
26VFTg2z8YR0cCuwLzESi2,Halsey,halsey,"4,57,31,93,567","11,18,906"
1SupJlEpv7RS2tPNRaHViT,Nicky Jam,nickyjam,"16,67,62,82,521","54,54,271"
137W8MRPWKqSmrBGDBFSop,Wiz Khalifa,wizkhalifa,"13,80,73,71,506","40,64,972"
3WrFJ7ztbogyGnTHbHJFl2,The Beatles,thebeatles,"3,75,71,17,716","16,62,290"
1McMsnEElThX1knmY4oliG,Olivia Rodrigo,oliviarodrigo,"3,39,39,66,403","33,28,730"
4oUHIQIBe0LHzYfvXNW4QM,Morgan Wallen,morganwallen,"3,50,73,10,471","35,65,372"
4V8LLVI7PbaPR0K2TGSxFF,"Tyler, The Creator","tyler,thecreator","1,20,07,23,487","8,63,019"
64KEffDW9EtZ1y2vBYgq8T,Marshmello,marshmello,"15,87,06,33,687","70,31,519"
69GGBxA162lTqCwzJG5jLp,The Chainsmokers,thechainsmokers,"13,95,86,31,473","35,28,767"
5YGY8feqx7naU7z4HrwZM6,Miley Cyrus,mileycyrus,"10,31,70,72,347","52,90,633"
3nFkdlSjzX9mRTtwJOzDYB,JAY-Z,jay-z,"1,44,69,28,429","10,21,660"
699OTQXzgjhIYAHMy9RyPD,Playboi Carti,playboicarti,"61,17,46,249","1,94,118"
0TnOYISbd1XYRBk9myaseg,Pitbull,pitbull,"13,70,74,88,693","38,05,281"
3meJIgRw7YleJrmbpbJK6S,Die drei ???,diedrei???,"20,93,22,410","14,65,257"
13ubrt8QOOCPljQ2FL1Kca,A$AP Rocky,a$aprocky,"3,27,37,95,862","14,06,574"
2h93pZq0e7k5yf4dywlkpM,Frank Ocean,frankocean,"55,66,94,974","5,32,182"
4kYSro6naA4h99UJvo89HB,Cardi B,cardib,"7,45,06,94,855","12,69,362"
1wRPtKGflJrBx9BmLsSwlU,Pritam,pritam,"1,85,72,85,198","1,30,00,996"
4nDoRrQiYLoBzwC5BhVJzF,Camila Cabello,camilacabello,"6,25,61,34,923","13,55,201"
7Gi6gjaWy3DxyilpF1a8Is,Junior H,juniorh,"2,30,25,15,831","18,98,382"
1vCWHaC5f2uS3yhpwWbIA6,Avicii,avicii,"10,19,64,55,199","21,23,809"
4r63FhuTkUYltbVAg5TQnk,DaBaby,dababy,"4,18,34,47,531","10,82,955"
3YQKmKGau1PzlVlkL1iodx,Twenty One Pilots,twentyonepilots,"11,64,04,55,886","27,42,982"
7hJcb9fa4alzcOq3EaNPoG,Snoop Dogg,snoopdogg,"2,87,53,48,420","11,82,731"
3xvaSlT4xsyk6lY1ESOspO,Disney,DisneyMusicVEVO,"35,58,83,72,948","24,91,18,611"
23fqKkggKUBHNkbKtXEls4,Kygo,kygo,"5,54,23,06,435","20,45,488"
5Pwc4xIPtQLFEnJriah9YJ,OneRepublic,onerepublic,"7,66,05,52,168","20,81,807"
0L8ExT028jH3ddEcZwqJJ5,Red Hot Chili Peppers,redhotchilipeppers,"6,91,39,27,182","22,21,251"
77ziqFxp5gaInVrF2lj4ht,Sech,sech,"5,34,69,67,185","19,10,928"
1VPmR4DJC1PlOtd0IADAO0,$uicideboy$,$uicideboy$,"2,38,58,25,237","18,01,202"
4SsVbpTthjScTS7U2hmr1X,Arcángel,arcángel,"8,06,96,64,400","5,64,87,651"
3fMbdgg4jU18AjLCKBhRSm,Michael Jackson,michaeljackson,"14,71,87,39,717","65,04,242"
0VRj0yCOv2FXJNP47XQnx5,Quavo,quavohuncho5077,"87,81,13,328","61,46,793"
6Xgp2XMz1fhVYe7i6yNAax,Trippie Redd,trippieredd,"1,87,02,46,479","5,15,868"
4LLpKhyESsyAXpc4laK94U,Mac Miller,macmiller,"3,31,45,32,278","9,34,525"
5LHRHt1k9lMyONurDHEdrp,Tyga,tyga,"5,69,57,16,003","16,09,686"
3q7HBObVc0L8jNeTe5Gofh,50 Cent,50cent,"10,18,88,57,527","58,72,117"
3PhoLpVuITZKcymswpck5b,Elton John,eltonjohn,"3,14,97,40,227","17,65,811"
07YZf4WDAMNwqr4jfgOZ8y,Jason Derulo,jasonderulo,"8,86,15,39,565","13,22,980"
7vk5e3vY1uw9plTHJAMwjN,Alan Walker,alanwalker,"14,71,54,22,912","49,81,358"
64M6ah0SkkRsnPGtGiRAbb,Bebe Rexha,beberexha,"3,76,27,14,760","4,90,739"
7wlFDEWiM5OoIAt8RSli8b,YoungBoy Never Broke Again,youngboyneverbrokeagain,"13,72,60,83,325","63,66,457"
0tmwSHipWxN12fsoLcFU3B,Manuel Turizo,manuelturizo,"6,85,07,02,783","32,74,890"
2kCcBybjl3SAtIcwdWpUe3,Lil Peep,lilpeep,"3,92,40,13,835","21,54,358"
6VuMaDnrHyPL1p4EHjYLi7,Charlie Puth,charlieputh,"9,71,74,88,753","21,44,856"
1zNqQNIdeOUZHb8zbZRFMX,Swae Lee,swaelee," 134,597,412  ","9,42,182"
46SHBwWsqBkxI7EeeBEQG7,Kodak Black,kodakblack,"6,32,32,15,545","23,63,844"
6S2OmqARrzebs0tKUEyXyp,Demi Lovato,demilovato,"6,90,21,42,347","8,26,439"
5lwmRuXgjX8xIwlnauTZIP,Romeo Santos,romeosantos,"17,79,34,10,489","73,06,474"
0ys2OFYzWYB5hRDLCsBqxt,Fuerza Regida,fuerzaregida,"5,64,67,80,317","1,11,19,817"
31W5EY0aAly4Qieq6OFu6I,A Boogie Wit da Hoodie,aboogiewitdahoodie,"2,58,51,49,429","5,04,037"
0elWFr7TW8piilVRYJUe4P,Natanael Cano,natanaelcano,"3,59,29,03,754","39,96,789"
0eDvMgVFoNV3TpwtrVCoTj,Pop Smoke,popsmoke,"5,06,71,05,951","14,48,870"
77SW9BnxLY8rJ0RciFqkHh,The Neighbourhood,theneighbourhood,"1,70,64,70,827","10,72,242"
2ye2Wgw4gimLv2eAKyk1NB,Metallica,metallica,"6,81,79,53,354","30,27,141"
0c173mlxpT3dSFRgMO8XPh,Big Sean,bigsean,"2,11,79,64,665","3,19,734"
07YUOmWljBTXwIseAUd9TW,Sebastián Yatra,sebastiányatra,"10,85,43,27,597","39,18,030"
718COspgdWOnwOFpJHRZHS,Luke Combs,lukecombs,"3,52,17,64,668","20,38,157"
74KM79TiuVKeVCqs8QtB0B,Sabrina Carpenter,sabrinacarpenter,"2,75,61,46,645","49,91,756"
6nVcHLIgY5pE2YCl8ubca1,JHAYCO,jhayco," 5,089,769,256  ","3,56,28,384"
31TPClRtHm23RisEBtV3X7,Justin Timberlake,justintimberlake,"7,06,88,77,362","4,94,82,141"
41MozSoPIsD1dJM0CLPjZF,BLACKPINK,blackpink,"29,22,43,50,657","94,12,461"
6oMuImdp5ZcFhWP0ESe6mG,Migos,migos,"7,84,59,80,801","20,93,253"
4tZwfgrHOc3mvqYlEYSvVi,Daft Punk,daftpunk,"3,16,08,39,633","12,65,703"
3Isy6kedDrgPYoTS1dazA9,Sean Paul,seanpaul,"6,22,41,59,692","21,12,276"
1KCSPY1glIKqW2TotWuXOR,P!nk,pnk,"8,09,04,88,784","22,01,762"
0X2BH1fck6amBIoJhDVmmJ,Ellie Goulding,elliegoulding,"6,64,94,93,405","6,51,506"
33ScadVnbm2X8kkUqOkC6Z,Don Omar,donomar,"8,73,71,00,109","50,17,949"
6AgTAQt8XS6jRWi4sX7w49,Polo G,polog,"3,00,90,69,411","10,59,498"
23zg3TcAtWQy7J6upgbUnj,USHER,usher,"5,70,14,84,736","30,31,393"
40ZNYROS4zLfyyBSs2PGe2,Zach Bryan,zachbryan1067," 1,769,831,419  ","1,23,88,820"
711MCceyCBcFnzjGY4Q7Un,AC/DC,acdc,"8,12,89,93,926","44,72,795"
3p7PcrEHaaKLJnPUGOtRlT,Henrique e Juliano,henriqueejuliano,"18,13,93,19,128","1,27,42,839"
02kJSzxNuaWGqwubyUba0Z,G-Eazy,g-eazy,"5,74,08,47,737","11,98,159"
5fMUXHkw8R8eOP2RNVYEZX,Diplo,diplo,"16,74,59,720","24,851"
2nszmSgqreHSdJA3zWPyrW,Luis Miguel,luismiguel,"4,65,85,79,837","29,24,476"
4IWBUUAFIplrNtaOHcJPRM,James Arthur,jamesarthur,"3,57,24,20,995","9,48,886"
14zUHaJZo1mnYtn6IBRaRP,Justin Quiles,justinquiles,"3,94,79,69,895","11,72,295"
2FXC3k01G6Gw61bmprjgqS,Hozier,hozier,"2,56,53,29,794","20,54,104"
716NhGYqD1jl2wI1Qkgq36,Bizarrap,bizarrap,"8,76,26,64,451","33,62,138"
540vIaP2JwjQb9dm3aArA4,DJ Snake,djsnake,"9,82,02,97,598","39,97,426"
1U1el3k54VvEUzo3ybLPlM,Kali Uchis,kaliuchis,"1,34,14,74,643","14,32,707"
2jku7tDXc6XoB6MO2hFuqg,Tory Lanez,torylanez,"2,44,09,11,825","8,86,687"
1yR65psqiazQpeM79CcGh8,Marà­lia Mendonça,marà­liamendonça,"19,53,39,74,003","53,83,541"
1bAftSH8umNcGZ0uyV7LMg,Duki,duki,"4,22,41,16,053","22,18,796"
2RdwBSPQiwcmiDo9kixcl8,Pharrell Williams,pharrellwilliams,"3,80,62,90,645","9,99,259"
13y7CgLHjMVRMDqxdx0Xdo,Gucci Mane,guccimane,"3,52,26,61,565","10,21,168"
3hcs9uc56yIGFCSy9leWe7,Lil Durk,lildurk,"5,20,48,47,356","43,05,850"
0z4gvV4rjIZ9wHck67ucSV,Akon,akon,"6,81,76,74,417","47,15,748"
6olE6TJLqED3rqDCT0FyPh,Nirvana,nirvana,"5,62,40,23,546","28,34,234"
17lzZA2AlOHwCwFALHttmp,2 Chainz,2chainz,"1,95,20,40,661","3,84,420"
4DdkRBBYG6Yk9Ka8tdJ9BW,Offset,OFFSETYRN,"58,24,37,412","4,07,70,619"
4Gso3d4CscCijv0lmajZWs,Don Toliver,dontoliver,"1,04,75,00,806","13,44,780"
2tIP7SsRs7vjIcLrU85W8J,The Kid LAROI,thekidlaroi,"2,04,69,43,871","8,98,297"
20JZFwl6HVl6yg8a4H3ZqK,Panic! At The Disco,panicatthedisco,"4,07,42,97,681","4,73,696"
26dSoYclwsYLMAKD3tpOr4,Britney Spears,britneyspears,"8,30,04,69,486","30,66,559"
66ihevNkSYNzRAl44dx6jJ,Carin Leon,carinleon,"3,34,59,80,825","53,12,892"
0fA0VVWsXO9YnASrzqfmYu,Kid Cudi,kidcudi,"1,29,77,84,068","2,45,588"
4UXqAaa6dQYAk18Lv7PEgX,Fall Out Boy,falloutboy,"2,83,88,54,501","4,34,279"
0jnsk9HBra6NMjO2oANoPY,Flo Rida,florida,"5,32,43,02,831","20,86,579"
757aE44tKEUQEqRuT6GnEB,Roddy Ricch,roddyricch,"2,77,36,83,899","13,42,320"
4xRYI6VqpkE3UwrDrAZL8L,Logic,logic,"2,50,36,88,762","2,52,615"
7oPftvlwr6VrsViSDV7fJY,Green Day,greenday,"3,88,30,87,023","14,02,497"
1pQWsZQehhS4wavwh7Fnxd,Lenny Tavárez,lennytavárez,"94,77,90,825","2,51,726"
08GQAI4eElDnROBrJRGE0X,Fleetwood Mac,fleetwoodmac,"87,44,61,355","8,90,835"
60d24wfXkVzDSfLS6hyCjZ,Martin Garrix,martingarrix,"8,65,11,69,015","20,26,545"
6fOMl44jA4Sp5b9PpYCkzz,NF,nf,"3,77,28,22,682","10,41,491"
7jVv8c5Fj3E9VhNjxT4snq,Lil Nas X,lilnasx,"5,97,91,63,283","12,49,572"
4GNC7GD6oZMSxPGyXy4MNB,Lewis Capaldi,lewiscapaldi,"2,73,82,46,558","12,59,748"
1yxSLGMDHlW21z4YXirZDS,Black Eyed Peas,theblackeyedpeas,"11,23,04,22,220","75,76,685"
3MZsBdqDrRTJihTHQrO6Dq,Joji,joji,"2,11,56,82,502","8,62,107"
738wLrAtLtCtFOLvQBXOXp,Major Lazer,majorlazer,"9,75,98,02,692","20,62,605"
1zNqDE7qDGCsyzJwohVaoX,Anne-Marie,anne-marie,"3,17,86,75,633","10,91,989"
2QsynagSdAqZj3U9HgDzjD,Bob Marley & The Wailers,bobmarley,"1,75,68,93,888","27,94,248"
28gNT5KBp7IjEOQoevXf9N,Camilo,camilo,"6,46,70,69,838","43,84,882"
1wZtkThiXbVNtj6hee6dz9,Wisin,wisin,"6,39,13,90,622","17,62,017"
2EMAnMvWE2eb56ToJVfCWs,Bryson Tiller,brysontiller,"2,20,47,46,449","9,56,807"
5C4PDR4LnhZTbVnKWXuDKD,Morat,morat,"5,39,33,32,887","33,54,639"
7ltDVBr6mKbRvohxheJ9h1,ROSALÍA,rosalía,"5,59,92,06,844","17,63,932"
1elUiq4X7pxej6FRlrEzjM,Jorge & Mateus,jorge&mateus,"10,55,12,14,507","46,25,826"
6icQOAFXDZKsumw3YXyusw,Lil Yachty,lilyachty,"1,04,25,30,015","2,11,464"
21E3waRsmPlU7jZsS13rcj,Ne-Yo,ne-yo,"3,49,25,12,918","12,88,610"
181bsRPaVXVlUKXrxwZfHK,Megan Thee Stallion,megantheestallion,"2,81,04,19,199","12,74,496"
6TIYQ3jFPwQSRmorSezPxX,mgk,mgk," 6,133,805,545  ","4,29,36,639"
1ZwdS5xdxEREPySFridCfh,2Pac,2pac,"1,60,15,28,648","12,18,305"
0hEurMDQu99nJRq8pTxO14,John Mayer,johnmayer,"1,16,28,41,804","2,38,181"
4obzFoKoKRHIphyHzJ35G3,Becky G,beckyg,"11,37,16,28,303","33,35,660"
45dkTj5sMRSjrmBSBeiHym,Tate McRae,tatemcrae,"1,43,32,69,899","20,94,836"
5JZ7CnR6gTvEMKX4g70Amv,Lauv,lauv,"1,95,28,04,565","9,94,639"
0XwVARXT135rw8lyw1EeWP,Christian Nodal,christiannodal,"9,28,74,39,270","52,71,924"
2LIk90788K0zvyj2JJVwkJ,Jack Harlow,jackharlow,"1,45,57,43,944","12,59,995"
73sIBHcqh3Z3NyqHKZ7FOL,Childish Gambino,childishgambino,"3,12,67,79,992","6,34,029"
5Rl15oVamLq7FbSb0NNBNy,5 Seconds of Summer,5secondsofsummer,"2,79,91,53,615","5,89,855"
3JhNCzhSMTxs9WLGJJxWOY,Macklemore,macklemore&ryanlewis,"5,25,93,24,827","8,90,528"
6DPYiyq5kWVQS4RGwxzPC7,Dr. Dre,drdre,"3,47,62,37,047","14,88,737"
4Z8W4fKeB5YxbusRsdQVPb,Radiohead,radiohead,"2,51,38,21,023","15,43,964"
2cFrymmkijnjDg9SS92EPM,blackbear,blackbear,"72,20,27,286","1,96,573"
2wUjUUtkb5lvLKcGKsKqsR,Alessia Cara,alessiacara,"1,57,79,07,258","3,00,587"
5ZsFI1h6hIdQRw2ti0hz81,ZAYN,zayn,"5,13,72,15,740","12,98,463"
3t5xRXzsuZmMDkQzgOX35S,Robin Schulz,robinschulz,"2,92,40,88,243","8,28,659"
4iHNK0tOyZPYnBU7nGAgpQ,Mariah Carey,mariahcarey,"8,46,98,50,792","33,53,299"
1GxkXlMwML1oSg5eLPiAz3,Michael Bublé,michaelbublé,"2,33,03,71,311","4,15,304"
3qm84nBOXUEQ2vnTfUTTFC,Guns N' Roses,gunsnroses,"8,40,04,93,717","27,67,790"
360IAlyVv4PCEVjgyMZrxK,Miguel,miguel,"1,33,49,60,475","6,14,199"
4npEfmQ6YuiwW1GpUmaq3F,Ava Max,avamax,"3,18,13,62,252","9,86,512"
1Xylc3o4UrD53lo9CvFvVg,Zara Larsson,zaralarsson,"3,01,40,46,693","4,47,283"
21451j1KhjAiaYKflxBjr1,Zion & Lennox,zion&lennox,"4,94,56,70,581","34,42,997"
0k17h0D3J5VfsdmQ1iZtE9,Pink Floyd,pinkfloyd,"89,04,69,257","9,59,221"
0eHQ9o50hj6ZDNBt6Ys1sD,Yandel,yandel,"4,76,83,09,290","20,89,331"
3AA28KZvwAUcZuOKwyblJQ,Gorillaz,gorillaz,"5,24,92,83,349","30,06,534"
2C6i0I5RiGzDKN9IAF8reh,Banda MS de Sergio Lizárraga,bandams,"14,29,67,05,751","55,45,494"
20wkVLutqVOYrc0kxFs7rA,Daniel Caesar,danielcaesar,"66,71,86,212","6,84,461"
4zCH9qm4R2DADamUHMCa6O,Anirudh Ravichander,AnirudhOfficial," 1,776,292,955  ","1,24,34,051"
22bE4uQ6baNwSHPVcDxLCe,The Rolling Stones,therollingstones,"1,39,14,22,331","5,39,894"
7qG3b048QCHVRO5Pv1T5lw,Enrique Iglesias,enriqueiglesias,"18,91,87,06,470","64,83,889"
5y2Xq6xcjJb2jVM54GHK3t,John Legend,johnlegend,"3,80,99,57,159","13,68,959"
1bfl0AU8SqmLkElptOprhC,Jul,jul,"6,40,30,69,199","42,06,279"
1anyVhU62p31KFi8MEzkbf,Chance the Rapper,chancetherapper,"50,40,38,972","61,982"
2IMZYfNi21MGqxopj9fWx8,Rels B,relsb,"3,88,63,21,370","27,66,378"
3tlXnStJ1fFhdScmQeLpuG,Brent Faiyaz,brentfaiyaz,"81,88,82,117","8,06,296"
2dIgFjalVxs4ThymZ67YCE,Stray Kids,straykids,"8,28,91,55,593","88,34,016"
6vXTefBL93Dj5IqAWq6OTv,French Montana,frenchmontana,"3,36,23,89,596","8,06,612"
6JL8zeS1NmiOftqZTRgdTz,Meghan Trainor,meghantrainor,"7,94,06,73,557","14,29,843"
6jGMq4yGs7aQzuGsMgVgZR,Lil Tjay,liltjay,"2,41,49,14,625","10,28,846"
25uiPmTg16RbhZWAqwLBy5,Charli xcx,charlixcx,"1,43,42,65,246","9,59,199"
2HPaUgqeutzr3jx5a9WyDV,PARTYNEXTDOOR,partynextdoor,"1,15,41,11,189","22,62,998"
52iwsT98xCoGgiGntTiR7K,Quevedo,QuevedoPD," 1,883,402,670  ","1,31,83,819"
3IYUhFvPQItj6xySrBmZkd,Creedence Clearwater Revival,creedenceclearwaterrevival,"1,38,49,16,184","15,80,479"
7MiDcPa6UiV3In7lIM71IN,Gusttavo Lima,gusttavolima,"16,92,72,42,373","69,55,695"
0vR2qb8m9WHeZ5ByCbimq2,Reik,reik,"8,70,85,87,598","44,70,902"
1Mxqyy3pSjf8kZZL4QVxS0,Frank Sinatra,franksinatra,"27,57,11,548","92,768"
2qxJFvFYMEDqd7ui6kSAcq,Zedd,zedd,"3,46,81,78,552","6,94,191"
5he5w2lnU9x7JFhnwcekXX,Skrillex,skrillex,"8,53,13,37,399","17,64,329"
3e7awlrlDSwF3iM0WBjGMp,Little Mix,littlemix,"7,41,94,46,679","13,10,203"
1sBkRIssrMs1AbVkOJbc7a,Rick Ross,rickross,"2,04,42,22,644","6,58,915"
1wZtkThiXbVNtj6hee6dz9,Wisin & Yandel,wisin&yandel,"6,31,79,20,577","29,70,197"
0QHgL1lAIqAw0HtD7YldmP,DJ Khaled,djkhaled,"7,03,53,28,962","15,85,389"
0oOet2f43PA68X5RxKobEy,Shreya Ghoshal,shreyaghoshal,"2,54,38,13,936","9,50,116"
5eAWCfyUhZtHHtBdNk56l1,System Of A Down,systemofadown,"4,63,45,30,704","23,25,122"
5INjqkS1o8h1imAzPqGZBb,Tame Impala,tameimpala,"1,26,12,61,493","7,53,894"
0LcJLqbBmaGUft1e9Mm8HV,ABBA,abba,"4,31,56,54,200","29,26,054"
43ZHCT0cAZBISjO8DG9PnE,Elvis Presley,elvispresley,"2,23,60,80,181","18,45,278"
63yrD80RY3RNEM2YDpUpO8,Melanie Martinez,melaniemartinez,"4,06,02,26,858","13,24,469"
3DiDSECUqqY1AuBP8qtaIa,Alicia Keys,aliciakeys,"3,76,71,81,969","13,35,866"
0Q8NcsJwoCbZOHHW63su5S,Mora,mora,"2,57,05,01,853","21,12,671"
6XkjpgcEsYab502Vr1bBeW,Grupo Frontera,grupofrontera,"5,24,75,67,886","81,51,644"
7n2Ycct7Beij7Dj7meI4X0,TWICE,twice,"14,38,45,86,541","36,55,760"
2feDdbD5araYcm6JhFHHw7,Labrinth,labrinth,"1,37,99,99,500","5,24,960"
5XJDexmWFLWOkjOEjOVX3e,Eladio Carrion,eladiocarrión,"3,67,93,70,361","32,27,177"
20sxb77xiYeusSH8cVdatc,Meek Mill,meekmill,"3,78,16,54,541","9,77,211"
6LqNN22kT3074XbTVUrhzX,Kesha,kesha," 2,927,716,676  ","2,04,94,017"
0pePYDrJGk8gqMRbXrLJC8,Luis R Conriquez,LuisRConrriquezOficial," 2,444,382,864  ","1,71,10,680"
1TtXnWcUs0FCkaZDPGYHdf,Darell,darell,"1,79,77,30,712","18,69,707"
6w9ToX5slZ4uIdmD17hJ3c,Bryant Myers,bryantmyers,"4,09,47,90,331","26,01,105"
12vb80Km0Ew53ABfJOepVz,Ñengo Flow,ñengoflow,"2,07,81,09,658","15,54,104"
1dKdetem2xEmjgvyymzytS,Grupo Firme,grupofirme,"7,96,06,86,613","1,25,80,251"
6Te49r3A6f5BiIgBRxH7FH,Ninho,ninho,"2,22,68,28,401","12,04,828"
6MDME20pz9RveH9rEXvrOM,Clean Bandit,cleanbandit,"7,71,30,32,861","19,07,649"
4Ga1P7PMIsmqEZqhYZQgDo,Lil Tecca,liltecca,"1,36,15,36,457","16,29,047"
5me0Irg2ANcsgc93uaYrpb,The Notorious B.I.G.,thenotoriousbig,"2,15,77,20,335","11,49,494"
6FBDaR13swtiWwGhX1WQsP,blink-182,blink-182,"2,39,17,73,182","7,37,206"
1l7ZsJRRS8wlW3WfJfPfNS,Christina Aguilera,christinaaguilera,"4,19,23,09,256","14,73,023"
6tbjWDEIzxoDsBA1FuhfPW,Madonna,madonna,"6,53,06,84,394","26,44,804"
3WGpXCj9YhhfX11TToZcXP,Troye Sivan,troyesivan,"1,62,59,93,981","2,94,964"
1mYsTxnqsietFxj1OgoGbG,A.R. Rahman,a.r.rahman," 1,909,404,512  ","1,33,65,832"
1z7b1Pr1rSlvWRzsW3HOrS,Russ,russ,"2,43,26,05,084","6,04,660"
1QAJqy2dA3ihHBFIHRphZj,Cigarettes After Sex,cigarettesaftersex,"1,11,16,37,427","13,92,284"
51Blml2LZPmy7TTiAg47vQ,U2,u2,"2,60,61,13,640","10,63,571"
7jy3rLJdDQY21OgRLCZ9sD,Foo Fighters,foofighters,"2,82,40,35,321","7,59,405"
5ZS223C6JyBfXasXxrRqOk,Jhené Aiko,jhenéaiko,"1,81,96,99,585","9,72,721"
0oSGxfWSnnOXhD2fKuz2Gy,David Bowie,davidbowie,"27,22,08,572","39,712"
163tK9Wjr9P9DmM0AVK7lm,Lorde,lorde,"2,12,70,38,146","2,83,510"
3b8QkneNDz4JHKKKlLgYZg,Florida Georgia Line,floridageorgialine,"2,01,53,70,764","3,23,194"
6wWVKhxIU2cEi0K81v7HvP,Rammstein,rammstein,"5,44,55,66,592","26,42,511"
57LYzLEk2LcFghVwuWbcuS,Summer Walker,summerwalker,"1,89,36,41,596","12,22,772"
05fG473iIaoy82BF1aGhL8,Slipknot,slipknot,"4,47,77,96,979","19,00,466"
3aQeKQSyrW4qWr35idm0cy,T-Pain,t-pain,"1,92,75,15,884","10,21,275"
37230BxxYs9ksS7OkZw3IU,Chencho Corleone,ChenchoCorleone," 782,164,562  ","54,75,152"
0C0XlULifJtAgn6ZNCW2eu,The Killers,thekillers,"2,24,06,77,385","4,95,311"
74XFHRwlV6OrjEM0A2NCMF,Paramore,paramore,"3,39,39,47,085","9,78,110"
3mIj9lX2MWuHmhNCA7LSCW,The 1975,the1975,"1,31,23,09,203","5,30,240"
0GM7qgcRCORpGnfcN2tCiB,Tainy,tainy,"1,71,26,96,374","5,88,229"
0KPX4Ucy9dk82uj4GpKesn,Dalex,dalex,"4,42,70,45,213","48,88,667"
3EiLUeyEcA6fbRPSHkG5kb,De La Ghetto,delaghetto,"2,69,91,48,107","9,04,352"
47mIJdHORyRerp4os813jD,League of Legends,leagueoflegends,"4,40,61,53,132","24,10,688"
1DxLCyH42yaHKGK3cl5bvG,Maria Becerra,mariabecerra,"3,98,68,20,793","33,57,051"
4V8Sr092TqfHkfAA5fXXqG,Luis Fonsi,luisfonsi,"15,57,74,10,218","26,64,562"
58lV9VcRSjABbAbfWS6skp,Bon Jovi,bonjovi,"6,88,33,15,008","27,21,038"
0NGAZxHanS9e0iNHpR8f2W,Alok,alok,"2,32,96,93,546","10,57,734"
2RQXRUsr4IW1f3mKyKsy4B,Noah Kahan,NoahKahan," 767,447,552  ","53,72,133"
487N2T9nIPEHrlTZLL3SQs,Zé Neto e Cristiano,zénetoecristiano,"13,35,58,79,214","60,27,955"
3KV3p5EY4AvKxOlhGHORLg,Jeremih,jeremih,"1,84,13,15,101","4,92,030"
2uYWxilOVlUdk4oV9DvwqK,Mitski,mitski,"33,13,37,481","3,28,787"
0A0FS04o6zMoto8OKPsDwY,YG,yg,"2,45,69,27,805","2,97,605"
